age,job,marital,education,default,balance,housing,loan,contact,day,month,duration,campaign,pdays,previous,poutcome,y
33,SERVICES,MARRIED,SECONDARY,NO,4789,YES,YES,CELLULAR,11,MAY,220,1,339,4,FAILURE,NO
35,MANAGEMENT,SINGLE,TERTIARY,NO,1350,YES,NO,CELLULAR,16,APR,185,1,330,1,FAILURE,NO
35,MANAGEMENT,SINGLE,TERTIARY,NO,747,NO,NO,CELLULAR,23,FEB,141,2,176,3,FAILURE,NO
36,SELF-EMPLOYED,MARRIED,TERTIARY,NO,307,YES,NO,CELLULAR,14,MAY,341,1,330,2,OTHER,NO
31,BLUE-COLLAR,MARRIED,SECONDARY,NO,360,YES,YES,CELLULAR,29,JAN,89,1,241,1,FAILURE,NO
37,ADMIN.,SINGLE,TERTIARY,NO,2317,YES,NO,CELLULAR,20,APR,114,1,152,2,FAILURE,NO
31,SERVICES,MARRIED,SECONDARY,NO,132,NO,NO,CELLULAR,7,JUL,148,1,152,1,OTHER,NO
33,MANAGEMENT,MARRIED,SECONDARY,NO,3935,YES,NO,CELLULAR,6,MAY,765,1,342,2,FAILURE,YES
55,BLUE-COLLAR,MARRIED,PRIMARY,NO,145,NO,NO,TELEPHONE,2,FEB,59,3,5,2,OTHER,NO
34,TECHNICIAN,MARRIED,TERTIARY,NO,1539,YES,NO,CELLULAR,15,JUN,441,1,56,1,OTHER,YES
51,BLUE-COLLAR,DIVORCED,SECONDARY,NO,203,YES,NO,CELLULAR,8,MAY,134,1,170,5,FAILURE,NO
37,MANAGEMENT,MARRIED,TERTIARY,NO,0,NO,NO,CELLULAR,16,JUL,268,2,182,3,SUCCESS,YES
41,BLUE-COLLAR,DIVORCED,SECONDARY,NO,174,YES,NO,CELLULAR,14,MAY,367,2,297,1,OTHER,NO
40,UNEMPLOYED,MARRIED,SECONDARY,NO,219,YES,NO,CELLULAR,17,NOV,204,2,196,1,FAILURE,NO
52,SERVICES,MARRIED,SECONDARY,NO,657,NO,NO,TELEPHONE,7,JUL,398,2,460,2,FAILURE,YES
30,ADMIN.,SINGLE,TERTIARY,NO,261,NO,NO,CELLULAR,19,OCT,233,1,137,20,FAILURE,NO
36,BLUE-COLLAR,DIVORCED,SECONDARY,NO,2843,NO,NO,CELLULAR,12,FEB,473,1,182,1,SUCCESS,NO
38,MANAGEMENT,SINGLE,TERTIARY,NO,493,YES,NO,CELLULAR,11,MAY,553,1,367,7,FAILURE,NO
32,MANAGEMENT,SINGLE,TERTIARY,NO,574,YES,NO,CELLULAR,14,APR,259,2,145,3,FAILURE,NO
21,STUDENT,SINGLE,SECONDARY,NO,2488,NO,NO,CELLULAR,30,JUN,258,6,169,3,SUCCESS,YES
33,BLUE-COLLAR,SINGLE,SECONDARY,NO,22,NO,NO,CELLULAR,30,JAN,76,2,207,1,FAILURE,NO
32,BLUE-COLLAR,SINGLE,SECONDARY,NO,228,NO,NO,TELEPHONE,5,FEB,176,1,288,3,FAILURE,NO
29,ADMIN.,SINGLE,SECONDARY,NO,428,YES,YES,CELLULAR,7,MAY,54,1,345,2,FAILURE,NO
46,ADMIN.,MARRIED,SECONDARY,NO,179,YES,NO,CELLULAR,29,JAN,194,4,436,1,OTHER,NO
55,ADMIN.,MARRIED,SECONDARY,NO,602,NO,NO,CELLULAR,1,JUN,324,3,90,2,SUCCESS,YES
55,TECHNICIAN,MARRIED,SECONDARY,NO,273,YES,NO,CELLULAR,29,JAN,84,3,183,3,FAILURE,NO
28,MANAGEMENT,SINGLE,TERTIARY,NO,80,NO,NO,CELLULAR,20,OCT,676,2,146,2,FAILURE,YES
40,ADMIN.,SINGLE,SECONDARY,NO,462,YES,YES,CELLULAR,6,APR,272,1,335,4,OTHER,NO
37,ADMIN.,MARRIED,SECONDARY,NO,176,YES,NO,CELLULAR,5,MAY,147,2,347,1,FAILURE,NO
37,ADMIN.,MARRIED,TERTIARY,NO,0,YES,NO,CELLULAR,17,NOV,65,2,119,1,FAILURE,NO
34,ADMIN.,MARRIED,TERTIARY,NO,899,YES,NO,TELEPHONE,19,NOV,377,3,7,4,SUCCESS,NO
37,SERVICES,SINGLE,SECONDARY,NO,21,YES,NO,CELLULAR,2,FEB,96,1,271,2,OTHER,NO
36,TECHNICIAN,MARRIED,SECONDARY,NO,23,YES,NO,CELLULAR,8,MAY,152,2,347,1,FAILURE,NO
75,RETIRED,MARRIED,SECONDARY,NO,3771,NO,NO,TELEPHONE,15,APR,185,1,181,2,SUCCESS,YES
34,TECHNICIAN,SINGLE,TERTIARY,NO,992,YES,NO,CELLULAR,4,MAY,301,1,88,2,SUCCESS,NO
35,TECHNICIAN,SINGLE,TERTIARY,NO,2658,YES,NO,CELLULAR,19,AUG,768,2,141,3,FAILURE,YES
39,MANAGEMENT,DIVORCED,TERTIARY,NO,1315,YES,NO,CELLULAR,19,NOV,1337,4,126,1,FAILURE,NO
29,TECHNICIAN,MARRIED,SECONDARY,NO,1599,YES,NO,CELLULAR,8,JUL,115,1,61,1,FAILURE,NO
38,TECHNICIAN,MARRIED,TERTIARY,NO,432,YES,NO,CELLULAR,15,MAY,10,2,373,1,OTHER,NO
30,BLUE-COLLAR,MARRIED,SECONDARY,NO,975,YES,NO,CELLULAR,13,MAY,256,2,351,2,FAILURE,NO
33,TECHNICIAN,MARRIED,SECONDARY,NO,359,YES,NO,CELLULAR,20,APR,210,1,242,1,OTHER,NO
35,TECHNICIAN,MARRIED,TERTIARY,NO,0,YES,YES,CELLULAR,23,SEP,112,1,62,6,OTHER,NO
44,TECHNICIAN,SINGLE,SECONDARY,NO,33,YES,NO,CELLULAR,13,MAY,195,3,351,10,FAILURE,NO
45,BLUE-COLLAR,SINGLE,SECONDARY,NO,0,YES,NO,CELLULAR,26,JUL,768,2,91,5,SUCCESS,NO
33,BLUE-COLLAR,MARRIED,SECONDARY,NO,3576,YES,NO,CELLULAR,2,APR,124,1,308,2,OTHER,NO
36,MANAGEMENT,MARRIED,TERTIARY,NO,0,YES,NO,CELLULAR,28,JAN,60,1,250,1,OTHER,NO
43,TECHNICIAN,MARRIED,SECONDARY,NO,0,NO,YES,CELLULAR,8,MAY,9,2,172,5,FAILURE,NO
58,RETIRED,MARRIED,PRIMARY,NO,3401,YES,NO,CELLULAR,3,FEB,84,3,265,2,FAILURE,NO
58,TECHNICIAN,MARRIED,TERTIARY,NO,883,NO,NO,CELLULAR,18,AUG,543,1,78,2,FAILURE,NO
40,SERVICES,MARRIED,SECONDARY,NO,0,YES,NO,CELLULAR,2,JUN,297,1,28,3,FAILURE,NO
35,HOUSEMAID,MARRIED,TERTIARY,NO,11219,NO,NO,CELLULAR,12,AUG,699,2,79,1,FAILURE,NO
34,ADMIN.,MARRIED,TERTIARY,NO,69,NO,YES,CELLULAR,4,AUG,120,3,1,6,SUCCESS,YES
65,RETIRED,DIVORCED,PRIMARY,NO,1840,NO,NO,CELLULAR,1,JUN,383,2,188,5,FAILURE,NO
49,BLUE-COLLAR,MARRIED,SECONDARY,NO,8545,YES,YES,CELLULAR,6,MAY,199,7,167,1,FAILURE,NO
25,ADMIN.,SINGLE,TERTIARY,NO,760,YES,NO,CELLULAR,27,MAY,223,3,89,2,FAILURE,YES
35,ENTREPRENEUR,MARRIED,SECONDARY,NO,2971,NO,NO,CELLULAR,4,MAY,429,4,164,2,FAILURE,YES
38,MANAGEMENT,MARRIED,TERTIARY,NO,1199,NO,NO,CELLULAR,4,AUG,178,1,1,1,SUCCESS,YES
33,TECHNICIAN,MARRIED,SECONDARY,NO,6699,NO,NO,CELLULAR,9,NOV,425,1,462,1,FAILURE,NO
35,UNEMPLOYED,MARRIED,SECONDARY,NO,978,NO,NO,CELLULAR,29,DEC,1370,3,209,3,SUCCESS,YES
29,TECHNICIAN,SINGLE,TERTIARY,NO,828,YES,NO,CELLULAR,16,APR,215,3,321,3,OTHER,NO
33,MANAGEMENT,SINGLE,TERTIARY,NO,1410,YES,NO,CELLULAR,5,FEB,8,1,254,5,FAILURE,NO
63,RETIRED,MARRIED,PRIMARY,NO,1084,NO,NO,CELLULAR,14,OCT,201,1,183,1,SUCCESS,NO
41,MANAGEMENT,MARRIED,TERTIARY,NO,832,YES,YES,CELLULAR,21,NOV,164,1,176,1,FAILURE,NO
36,BLUE-COLLAR,SINGLE,SECONDARY,NO,219,YES,YES,CELLULAR,11,MAY,270,2,347,1,FAILURE,NO
55,MANAGEMENT,MARRIED,PRIMARY,NO,2587,NO,NO,CELLULAR,4,SEP,328,2,94,2,SUCCESS,YES
47,SELF-EMPLOYED,MARRIED,TERTIARY,NO,2303,YES,NO,CELLULAR,6,MAY,323,2,364,1,FAILURE,NO
50,MANAGEMENT,MARRIED,TERTIARY,NO,4,NO,NO,CELLULAR,17,NOV,223,1,96,2,FAILURE,NO
29,MANAGEMENT,MARRIED,TERTIARY,NO,318,YES,NO,CELLULAR,18,MAY,1434,2,356,4,FAILURE,NO
32,MANAGEMENT,SINGLE,TERTIARY,NO,8436,YES,NO,CELLULAR,17,APR,245,1,149,2,FAILURE,NO
30,ENTREPRENEUR,MARRIED,SECONDARY,NO,946,YES,NO,CELLULAR,19,NOV,1065,1,183,1,OTHER,NO
30,SERVICES,SINGLE,SECONDARY,NO,0,YES,NO,CELLULAR,18,MAY,131,6,363,9,FAILURE,NO
37,MANAGEMENT,MARRIED,TERTIARY,NO,393,YES,NO,CELLULAR,14,MAY,567,3,275,4,FAILURE,YES
39,BLUE-COLLAR,MARRIED,SECONDARY,NO,0,YES,NO,CELLULAR,30,APR,53,1,325,1,FAILURE,NO
37,SERVICES,MARRIED,SECONDARY,NO,1328,YES,NO,TELEPHONE,13,MAY,121,2,341,4,FAILURE,NO
33,MANAGEMENT,SINGLE,TERTIARY,NO,1240,YES,NO,CELLULAR,4,FEB,505,2,260,1,OTHER,NO
33,BLUE-COLLAR,MARRIED,SECONDARY,NO,43,YES,NO,CELLULAR,14,MAY,332,2,358,2,FAILURE,NO
37,TECHNICIAN,SINGLE,TERTIARY,NO,6101,NO,NO,CELLULAR,4,MAY,60,5,87,1,SUCCESS,NO
44,MANAGEMENT,MARRIED,SECONDARY,NO,438,YES,NO,TELEPHONE,8,MAY,37,3,303,1,FAILURE,NO
54,ADMIN.,MARRIED,SECONDARY,NO,0,NO,NO,CELLULAR,28,JAN,161,1,98,2,FAILURE,YES
75,RETIRED,DIVORCED,TERTIARY,NO,3810,YES,NO,CELLULAR,16,NOV,262,1,183,1,FAILURE,YES
37,MANAGEMENT,MARRIED,TERTIARY,NO,502,YES,NO,CELLULAR,7,MAY,551,1,351,1,FAILURE,NO
37,MANAGEMENT,SINGLE,TERTIARY,NO,876,YES,NO,CELLULAR,15,APR,140,4,327,2,FAILURE,NO
43,BLUE-COLLAR,MARRIED,SECONDARY,NO,130,NO,NO,CELLULAR,5,MAY,156,1,337,3,FAILURE,NO
27,ADMIN.,SINGLE,SECONDARY,NO,619,YES,NO,CELLULAR,20,APR,16,5,322,4,OTHER,NO
43,MANAGEMENT,DIVORCED,TERTIARY,NO,36,NO,NO,CELLULAR,26,MAY,118,1,102,2,FAILURE,NO
32,BLUE-COLLAR,MARRIED,SECONDARY,NO,889,YES,NO,CELLULAR,10,SEP,185,1,99,5,SUCCESS,YES
59,HOUSEMAID,MARRIED,SECONDARY,NO,0,NO,NO,TELEPHONE,3,FEB,722,1,99,4,FAILURE,NO
77,RETIRED,MARRIED,TERTIARY,NO,7802,NO,NO,TELEPHONE,4,MAY,421,1,92,2,SUCCESS,YES
40,TECHNICIAN,MARRIED,SECONDARY,NO,694,YES,NO,CELLULAR,4,FEB,97,4,196,5,FAILURE,NO
53,ADMIN.,MARRIED,SECONDARY,NO,1796,NO,NO,TELEPHONE,16,MAR,295,1,91,2,SUCCESS,YES
50,HOUSEMAID,MARRIED,SECONDARY,NO,7317,YES,NO,CELLULAR,13,MAY,172,1,370,1,FAILURE,NO
32,MANAGEMENT,SINGLE,TERTIARY,NO,12607,NO,NO,CELLULAR,14,AUG,203,5,84,1,FAILURE,NO
38,BLUE-COLLAR,MARRIED,SECONDARY,NO,121,YES,YES,CELLULAR,6,FEB,168,1,212,2,FAILURE,NO
52,TECHNICIAN,MARRIED,SECONDARY,NO,195,YES,NO,CELLULAR,18,FEB,220,1,63,5,FAILURE,YES
45,UNEMPLOYED,DIVORCED,PRIMARY,NO,757,NO,NO,CELLULAR,20,APR,103,1,325,4,FAILURE,NO
34,MANAGEMENT,MARRIED,TERTIARY,NO,902,YES,NO,CELLULAR,14,MAY,159,1,367,2,OTHER,NO
61,RETIRED,MARRIED,SECONDARY,NO,5207,NO,NO,CELLULAR,11,SEP,336,1,81,2,OTHER,NO
43,ADMIN.,DIVORCED,SECONDARY,NO,738,YES,NO,CELLULAR,21,NOV,585,4,191,4,FAILURE,NO
43,SERVICES,MARRIED,PRIMARY,NO,2567,YES,NO,CELLULAR,14,MAY,109,1,360,2,FAILURE,NO
47,ADMIN.,SINGLE,SECONDARY,NO,3696,NO,NO,CELLULAR,12,JUL,250,2,181,4,SUCCESS,YES
63,RETIRED,MARRIED,SECONDARY,NO,2747,NO,NO,CELLULAR,11,SEP,113,1,80,1,FAILURE,NO
37,ADMIN.,MARRIED,SECONDARY,NO,1314,YES,NO,CELLULAR,8,MAY,682,2,85,7,SUCCESS,NO
50,TECHNICIAN,MARRIED,SECONDARY,NO,2497,YES,NO,CELLULAR,21,NOV,35,1,176,1,FAILURE,NO
40,TECHNICIAN,MARRIED,SECONDARY,NO,56,YES,YES,CELLULAR,29,JAN,194,1,247,1,FAILURE,NO
53,MANAGEMENT,MARRIED,TERTIARY,NO,1319,YES,NO,CELLULAR,16,APR,427,1,150,1,FAILURE,NO
49,BLUE-COLLAR,MARRIED,SECONDARY,NO,171,NO,NO,CELLULAR,4,FEB,19,3,175,2,OTHER,NO
33,TECHNICIAN,SINGLE,TERTIARY,NO,696,NO,YES,CELLULAR,5,FEB,193,1,176,8,FAILURE,NO
47,HOUSEMAID,MARRIED,PRIMARY,NO,201,YES,NO,CELLULAR,7,AUG,58,2,382,1,FAILURE,NO
50,BLUE-COLLAR,MARRIED,PRIMARY,NO,12519,YES,NO,CELLULAR,17,APR,146,2,147,4,SUCCESS,NO
39,TECHNICIAN,MARRIED,TERTIARY,NO,1161,YES,NO,CELLULAR,9,APR,236,1,336,1,FAILURE,NO
35,TECHNICIAN,MARRIED,TERTIARY,NO,7050,NO,NO,CELLULAR,11,AUG,222,3,182,4,SUCCESS,YES
40,MANAGEMENT,SINGLE,TERTIARY,NO,1509,NO,NO,CELLULAR,12,MAY,333,1,58,3,FAILURE,NO
59,MANAGEMENT,MARRIED,TERTIARY,NO,2764,NO,NO,CELLULAR,24,DEC,237,1,206,2,FAILURE,NO
33,TECHNICIAN,MARRIED,TERTIARY,NO,8023,NO,NO,CELLULAR,30,NOV,107,1,105,3,FAILURE,NO
46,MANAGEMENT,DIVORCED,TERTIARY,NO,6269,YES,NO,TELEPHONE,18,NOV,249,3,112,2,FAILURE,NO
60,MANAGEMENT,MARRIED,PRIMARY,NO,252,YES,YES,CELLULAR,13,APR,123,2,147,3,FAILURE,NO
33,HOUSEMAID,SINGLE,TERTIARY,NO,23663,YES,NO,CELLULAR,16,APR,199,2,146,2,FAILURE,NO
27,ENTREPRENEUR,SINGLE,TERTIARY,NO,81,NO,NO,CELLULAR,5,FEB,197,1,199,3,FAILURE,NO
64,RETIRED,MARRIED,PRIMARY,NO,43,NO,NO,CELLULAR,11,MAR,117,1,91,1,SUCCESS,NO
47,TECHNICIAN,MARRIED,SECONDARY,NO,57,NO,NO,CELLULAR,5,MAY,253,1,342,1,SUCCESS,NO
36,TECHNICIAN,DIVORCED,SECONDARY,NO,666,YES,YES,CELLULAR,3,APR,190,1,133,1,OTHER,NO
53,ENTREPRENEUR,MARRIED,PRIMARY,NO,1034,YES,NO,CELLULAR,19,NOV,854,2,170,3,OTHER,NO
54,TECHNICIAN,MARRIED,SECONDARY,NO,0,NO,NO,TELEPHONE,16,NOV,986,1,94,8,FAILURE,NO
55,MANAGEMENT,MARRIED,PRIMARY,NO,621,NO,YES,CELLULAR,2,FEB,114,1,208,1,FAILURE,NO
44,TECHNICIAN,MARRIED,SECONDARY,NO,310,YES,NO,CELLULAR,6,FEB,200,1,253,1,FAILURE,NO
37,TECHNICIAN,MARRIED,SECONDARY,NO,64,YES,NO,CELLULAR,12,MAY,239,4,278,2,OTHER,NO
28,SERVICES,SINGLE,SECONDARY,NO,168,NO,NO,CELLULAR,1,JUN,347,3,140,2,SUCCESS,YES
46,SERVICES,MARRIED,SECONDARY,NO,1550,YES,NO,CELLULAR,16,APR,126,2,149,8,FAILURE,NO
35,ENTREPRENEUR,MARRIED,TERTIARY,NO,0,NO,NO,CELLULAR,5,MAY,74,1,168,4,FAILURE,NO
25,STUDENT,SINGLE,SECONDARY,NO,1790,NO,NO,CELLULAR,17,APR,224,1,322,3,FAILURE,NO
40,BLUE-COLLAR,MARRIED,SECONDARY,NO,498,YES,NO,CELLULAR,8,MAY,55,2,298,4,FAILURE,NO
26,TECHNICIAN,SINGLE,SECONDARY,NO,455,NO,NO,CELLULAR,29,JAN,240,1,182,8,OTHER,NO
31,MANAGEMENT,MARRIED,TERTIARY,NO,1010,YES,NO,CELLULAR,15,MAY,385,3,364,9,OTHER,NO
48,BLUE-COLLAR,MARRIED,PRIMARY,NO,1092,NO,YES,CELLULAR,18,NOV,79,1,172,8,FAILURE,NO
36,TECHNICIAN,SINGLE,SECONDARY,NO,1855,YES,NO,CELLULAR,4,FEB,75,1,273,1,FAILURE,NO
46,SERVICES,MARRIED,SECONDARY,NO,0,YES,NO,CELLULAR,22,JUN,154,1,124,1,OTHER,NO
28,SERVICES,MARRIED,SECONDARY,NO,0,YES,NO,CELLULAR,5,MAY,335,2,281,8,FAILURE,NO
37,MANAGEMENT,DIVORCED,SECONDARY,NO,414,NO,NO,CELLULAR,29,JAN,293,2,162,4,FAILURE,NO
52,MANAGEMENT,MARRIED,TERTIARY,NO,1944,YES,NO,CELLULAR,15,APR,238,3,323,2,FAILURE,NO
28,TECHNICIAN,SINGLE,SECONDARY,NO,3,NO,NO,TELEPHONE,18,MAY,40,8,349,6,FAILURE,NO
50,MANAGEMENT,MARRIED,TERTIARY,NO,2881,NO,NO,CELLULAR,5,AUG,510,2,2,5,OTHER,NO
30,BLUE-COLLAR,SINGLE,SECONDARY,NO,445,YES,NO,CELLULAR,16,APR,218,1,330,2,FAILURE,NO
40,MANAGEMENT,MARRIED,SECONDARY,NO,643,YES,NO,CELLULAR,17,APR,74,2,256,1,FAILURE,NO
41,TECHNICIAN,MARRIED,SECONDARY,NO,2125,YES,YES,CELLULAR,21,NOV,285,3,116,4,FAILURE,NO
32,TECHNICIAN,SINGLE,SECONDARY,NO,271,YES,NO,CELLULAR,13,MAY,80,2,268,2,OTHER,NO
27,SERVICES,MARRIED,SECONDARY,NO,58,YES,NO,CELLULAR,7,MAY,113,1,337,2,OTHER,NO
31,MANAGEMENT,SINGLE,TERTIARY,NO,112,YES,NO,CELLULAR,2,FEB,159,2,271,1,FAILURE,NO
40,SELF-EMPLOYED,MARRIED,TERTIARY,NO,13669,NO,NO,CELLULAR,15,OCT,138,1,136,8,OTHER,NO
43,MANAGEMENT,MARRIED,TERTIARY,NO,1429,YES,NO,CELLULAR,19,NOV,1015,1,198,2,OTHER,YES
47,UNEMPLOYED,MARRIED,PRIMARY,NO,168,YES,NO,TELEPHONE,30,JAN,66,1,241,1,OTHER,NO
39,SERVICES,SINGLE,SECONDARY,NO,7066,YES,NO,CELLULAR,15,MAY,667,3,357,3,OTHER,YES
59,MANAGEMENT,SINGLE,SECONDARY,NO,671,YES,YES,CELLULAR,29,JAN,219,2,259,5,FAILURE,NO
55,HOUSEMAID,DIVORCED,PRIMARY,NO,976,NO,NO,CELLULAR,28,JUN,345,1,94,3,OTHER,YES
46,MANAGEMENT,DIVORCED,TERTIARY,NO,624,NO,NO,CELLULAR,17,SEP,336,2,183,2,SUCCESS,YES
34,TECHNICIAN,SINGLE,TERTIARY,NO,144,YES,YES,CELLULAR,14,OCT,104,1,85,19,FAILURE,NO
56,TECHNICIAN,MARRIED,SECONDARY,NO,150,YES,YES,CELLULAR,11,MAY,102,6,349,1,FAILURE,NO
38,MANAGEMENT,SINGLE,TERTIARY,NO,15030,YES,NO,CELLULAR,13,MAY,167,1,174,7,OTHER,NO
26,ADMIN.,SINGLE,SECONDARY,NO,255,NO,NO,CELLULAR,30,APR,457,1,80,1,SUCCESS,YES
31,TECHNICIAN,SINGLE,SECONDARY,NO,102,YES,NO,TELEPHONE,17,APR,460,2,345,2,FAILURE,NO
45,ENTREPRENEUR,MARRIED,PRIMARY,NO,58,YES,NO,TELEPHONE,13,MAY,119,3,371,3,FAILURE,NO
28,MANAGEMENT,SINGLE,TERTIARY,NO,882,NO,YES,CELLULAR,29,JAN,94,1,205,2,FAILURE,NO
27,STUDENT,SINGLE,TERTIARY,NO,5291,NO,NO,CELLULAR,12,NOV,192,2,92,2,FAILURE,YES
49,MANAGEMENT,SINGLE,SECONDARY,NO,61,YES,NO,CELLULAR,29,JAN,185,2,246,1,FAILURE,NO
30,TECHNICIAN,SINGLE,TERTIARY,NO,3,YES,NO,CELLULAR,6,MAY,45,2,169,2,FAILURE,NO
34,ADMIN.,MARRIED,TERTIARY,NO,35,YES,NO,CELLULAR,15,OCT,76,1,69,2,FAILURE,NO
31,BLUE-COLLAR,MARRIED,PRIMARY,NO,99,YES,NO,CELLULAR,17,APR,193,2,322,1,OTHER,NO
38,ADMIN.,MARRIED,PRIMARY,NO,3913,YES,NO,CELLULAR,20,APR,196,2,315,2,FAILURE,NO
34,MANAGEMENT,MARRIED,TERTIARY,NO,0,YES,NO,CELLULAR,7,AUG,262,1,99,2,SUCCESS,YES
36,MANAGEMENT,MARRIED,TERTIARY,NO,222,YES,NO,CELLULAR,6,MAY,317,1,169,2,FAILURE,NO
27,UNEMPLOYED,SINGLE,SECONDARY,NO,3276,NO,NO,CELLULAR,5,AUG,106,1,110,2,OTHER,NO
52,TECHNICIAN,MARRIED,SECONDARY,NO,196,YES,YES,CELLULAR,24,FEB,116,1,273,3,FAILURE,NO
35,BLUE-COLLAR,MARRIED,SECONDARY,NO,6411,YES,YES,CELLULAR,30,JAN,144,1,266,2,FAILURE,NO
58,SELF-EMPLOYED,MARRIED,PRIMARY,NO,1013,YES,NO,CELLULAR,11,AUG,206,1,461,1,FAILURE,YES
37,TECHNICIAN,SINGLE,SECONDARY,NO,5436,YES,NO,CELLULAR,6,MAY,7,11,351,1,FAILURE,NO
59,SELF-EMPLOYED,MARRIED,TERTIARY,NO,2013,NO,NO,CELLULAR,19,FEB,222,4,94,2,SUCCESS,YES
34,MANAGEMENT,SINGLE,TERTIARY,NO,673,YES,YES,CELLULAR,20,NOV,271,1,184,1,FAILURE,NO
20,STUDENT,SINGLE,SECONDARY,NO,291,NO,NO,TELEPHONE,11,MAY,172,5,371,5,FAILURE,NO
42,TECHNICIAN,MARRIED,SECONDARY,NO,994,YES,NO,CELLULAR,11,AUG,149,1,78,5,FAILURE,YES
55,BLUE-COLLAR,DIVORCED,SECONDARY,NO,1613,YES,NO,CELLULAR,3,APR,296,1,270,3,FAILURE,YES
30,ADMIN.,SINGLE,SECONDARY,NO,81,YES,NO,CELLULAR,6,AUG,121,6,112,3,OTHER,NO
34,SERVICES,MARRIED,SECONDARY,NO,1337,NO,NO,CELLULAR,17,DEC,330,2,127,3,SUCCESS,YES
63,ENTREPRENEUR,MARRIED,SECONDARY,NO,3904,NO,NO,TELEPHONE,4,AUG,250,2,187,2,SUCCESS,YES
48,MANAGEMENT,MARRIED,TERTIARY,NO,1147,NO,NO,CELLULAR,5,AUG,389,1,64,2,SUCCESS,YES
38,BLUE-COLLAR,MARRIED,SECONDARY,NO,0,YES,NO,CELLULAR,13,MAY,57,5,349,1,OTHER,NO
30,MANAGEMENT,SINGLE,TERTIARY,NO,726,YES,NO,CELLULAR,16,APR,39,1,342,3,FAILURE,NO
38,ADMIN.,MARRIED,TERTIARY,NO,1988,NO,NO,CELLULAR,27,MAR,164,2,130,2,FAILURE,YES
64,HOUSEMAID,MARRIED,PRIMARY,NO,768,NO,NO,CELLULAR,15,JUL,250,2,182,1,SUCCESS,NO
46,TECHNICIAN,MARRIED,TERTIARY,NO,217,YES,NO,CELLULAR,14,MAY,141,1,346,2,OTHER,NO
45,MANAGEMENT,DIVORCED,TERTIARY,NO,2096,NO,NO,CELLULAR,21,NOV,127,1,100,2,FAILURE,NO
59,MANAGEMENT,MARRIED,TERTIARY,NO,1831,NO,NO,CELLULAR,17,FEB,122,1,92,1,FAILURE,NO
37,BLUE-COLLAR,SINGLE,PRIMARY,NO,851,YES,NO,CELLULAR,15,MAY,151,1,352,1,FAILURE,NO
43,MANAGEMENT,SINGLE,TERTIARY,NO,146,NO,NO,CELLULAR,21,NOV,50,1,113,5,OTHER,NO
59,TECHNICIAN,MARRIED,SECONDARY,NO,1,NO,NO,CELLULAR,15,APR,159,2,378,3,FAILURE,YES
37,TECHNICIAN,MARRIED,SECONDARY,NO,480,NO,NO,CELLULAR,22,OCT,344,2,182,8,OTHER,YES
35,TECHNICIAN,MARRIED,SECONDARY,NO,2789,YES,NO,CELLULAR,4,SEP,256,2,94,1,FAILURE,NO
32,TECHNICIAN,MARRIED,TERTIARY,NO,4089,NO,NO,CELLULAR,26,MAY,114,7,287,3,FAILURE,NO
36,MANAGEMENT,SINGLE,TERTIARY,NO,243,YES,NO,CELLULAR,7,MAY,160,2,360,3,FAILURE,NO
36,SERVICES,SINGLE,SECONDARY,NO,1482,YES,NO,CELLULAR,18,NOV,177,2,174,1,OTHER,NO
47,ADMIN.,MARRIED,SECONDARY,NO,1934,NO,YES,CELLULAR,14,MAY,225,1,364,1,FAILURE,NO
31,MANAGEMENT,SINGLE,TERTIARY,NO,62,YES,NO,CELLULAR,18,MAY,175,1,293,5,FAILURE,NO
35,UNEMPLOYED,MARRIED,SECONDARY,NO,977,YES,NO,CELLULAR,4,MAY,52,4,91,1,OTHER,NO
32,TECHNICIAN,SINGLE,TERTIARY,NO,5514,NO,NO,CELLULAR,22,APR,319,1,182,1,SUCCESS,YES
34,TECHNICIAN,SINGLE,SECONDARY,NO,2729,YES,NO,CELLULAR,6,APR,945,1,139,1,SUCCESS,NO
34,SERVICES,MARRIED,SECONDARY,NO,1076,NO,NO,CELLULAR,12,MAY,152,1,182,6,SUCCESS,YES
71,TECHNICIAN,MARRIED,TERTIARY,NO,383,NO,NO,CELLULAR,27,OCT,327,2,183,3,SUCCESS,NO
33,BLUE-COLLAR,SINGLE,SECONDARY,NO,706,YES,NO,CELLULAR,7,APR,329,1,322,1,FAILURE,NO
36,MANAGEMENT,MARRIED,SECONDARY,NO,1825,YES,NO,CELLULAR,14,MAY,24,1,346,1,FAILURE,NO
59,SELF-EMPLOYED,MARRIED,TERTIARY,NO,185,NO,NO,CELLULAR,22,JUN,177,5,138,1,FAILURE,NO
58,RETIRED,SINGLE,SECONDARY,NO,1640,NO,YES,CELLULAR,4,FEB,72,6,274,4,FAILURE,NO
60,ADMIN.,DIVORCED,SECONDARY,NO,174,YES,NO,CELLULAR,15,MAY,241,1,364,1,FAILURE,NO
36,MANAGEMENT,SINGLE,TERTIARY,NO,490,NO,NO,CELLULAR,28,AUG,207,8,98,1,FAILURE,YES
29,MANAGEMENT,SINGLE,TERTIARY,NO,15459,NO,NO,CELLULAR,26,MAY,245,3,97,7,SUCCESS,NO
51,BLUE-COLLAR,MARRIED,SECONDARY,NO,160,YES,NO,CELLULAR,7,MAY,136,1,359,1,FAILURE,NO
32,ADMIN.,DIVORCED,SECONDARY,YES,5,YES,YES,CELLULAR,18,MAY,82,3,363,2,OTHER,NO
27,SERVICES,MARRIED,SECONDARY,NO,54,YES,NO,CELLULAR,18,MAY,97,1,370,1,FAILURE,NO
35,BLUE-COLLAR,MARRIED,PRIMARY,NO,298,YES,NO,CELLULAR,13,MAY,135,2,370,2,FAILURE,NO
41,MANAGEMENT,DIVORCED,TERTIARY,NO,5037,NO,NO,CELLULAR,23,APR,252,9,185,5,OTHER,YES
32,MANAGEMENT,MARRIED,TERTIARY,NO,913,YES,NO,CELLULAR,23,JUN,883,1,674,4,FAILURE,NO
31,MANAGEMENT,MARRIED,SECONDARY,NO,625,YES,NO,CELLULAR,7,APR,424,1,138,1,FAILURE,NO
51,SERVICES,MARRIED,SECONDARY,NO,867,YES,NO,CELLULAR,3,FEB,177,2,211,3,FAILURE,NO
80,RETIRED,MARRIED,SECONDARY,NO,8304,NO,NO,TELEPHONE,9,JUN,712,1,64,12,FAILURE,YES
48,MANAGEMENT,MARRIED,TERTIARY,NO,60,NO,NO,TELEPHONE,7,MAY,376,2,339,7,FAILURE,NO
46,BLUE-COLLAR,MARRIED,PRIMARY,NO,91,YES,NO,CELLULAR,6,MAY,29,1,356,2,FAILURE,NO
41,ENTREPRENEUR,MARRIED,TERTIARY,NO,171,YES,NO,CELLULAR,19,NOV,209,1,191,4,FAILURE,NO
33,BLUE-COLLAR,DIVORCED,PRIMARY,NO,142,YES,NO,TELEPHONE,11,MAY,41,2,300,5,FAILURE,NO
40,MANAGEMENT,SINGLE,TERTIARY,NO,1509,NO,NO,CELLULAR,15,MAR,144,2,124,1,FAILURE,NO
27,ADMIN.,MARRIED,SECONDARY,NO,710,YES,YES,CELLULAR,6,MAY,653,1,334,2,SUCCESS,YES
40,MANAGEMENT,DIVORCED,TERTIARY,NO,69,YES,NO,CELLULAR,6,MAY,503,2,280,2,FAILURE,NO
34,ADMIN.,MARRIED,SECONDARY,NO,1499,YES,NO,CELLULAR,13,APR,186,1,327,2,FAILURE,NO
83,RETIRED,MARRIED,PRIMARY,NO,425,NO,NO,TELEPHONE,22,JUN,883,1,140,1,FAILURE,YES
29,ADMIN.,SINGLE,SECONDARY,NO,1448,NO,NO,CELLULAR,10,MAR,217,1,184,7,OTHER,NO
45,SELF-EMPLOYED,MARRIED,SECONDARY,NO,706,NO,NO,CELLULAR,30,APR,78,2,176,1,SUCCESS,NO
46,ADMIN.,MARRIED,SECONDARY,NO,368,NO,NO,CELLULAR,20,AUG,293,1,90,4,OTHER,YES
41,BLUE-COLLAR,MARRIED,SECONDARY,NO,121,YES,NO,CELLULAR,13,MAY,16,6,176,5,OTHER,NO
24,ADMIN.,MARRIED,SECONDARY,NO,299,YES,NO,CELLULAR,6,MAY,209,1,321,1,FAILURE,NO
50,SERVICES,MARRIED,SECONDARY,NO,254,YES,NO,CELLULAR,15,APR,397,2,337,1,FAILURE,NO
25,MANAGEMENT,SINGLE,TERTIARY,NO,553,YES,NO,CELLULAR,17,SEP,113,4,479,1,FAILURE,NO
21,SERVICES,SINGLE,SECONDARY,NO,361,NO,NO,TELEPHONE,5,JUN,329,1,95,1,OTHER,NO
34,TECHNICIAN,SINGLE,SECONDARY,NO,341,NO,YES,CELLULAR,29,JAN,136,1,262,3,FAILURE,NO
37,BLUE-COLLAR,MARRIED,PRIMARY,NO,37,YES,NO,CELLULAR,13,MAY,24,2,362,1,OTHER,NO
35,BLUE-COLLAR,SINGLE,SECONDARY,NO,0,YES,NO,CELLULAR,16,APR,1174,1,345,4,OTHER,YES
32,STUDENT,SINGLE,TERTIARY,NO,0,NO,NO,CELLULAR,6,AUG,101,5,3,6,OTHER,NO
36,MANAGEMENT,MARRIED,TERTIARY,NO,495,NO,NO,CELLULAR,5,AUG,157,3,97,2,SUCCESS,YES
38,ENTREPRENEUR,MARRIED,SECONDARY,NO,157,NO,YES,CELLULAR,15,MAY,57,11,366,1,OTHER,NO
77,RETIRED,MARRIED,TERTIARY,NO,0,NO,NO,CELLULAR,16,OCT,847,1,60,1,SUCCESS,YES
73,RETIRED,MARRIED,PRIMARY,NO,1388,NO,NO,CELLULAR,20,JUL,146,3,190,3,SUCCESS,NO
57,TECHNICIAN,DIVORCED,PRIMARY,NO,13,YES,NO,CELLULAR,8,MAY,323,2,368,2,FAILURE,NO
33,MANAGEMENT,MARRIED,TERTIARY,NO,3696,NO,NO,CELLULAR,19,NOV,305,1,182,3,FAILURE,NO
38,MANAGEMENT,MARRIED,TERTIARY,NO,0,YES,NO,CELLULAR,13,MAY,537,5,303,2,FAILURE,NO
59,TECHNICIAN,MARRIED,SECONDARY,NO,259,NO,NO,CELLULAR,15,JUN,415,1,89,1,SUCCESS,YES
38,TECHNICIAN,SINGLE,TERTIARY,NO,744,YES,NO,CELLULAR,14,MAY,283,1,288,12,OTHER,NO
35,TECHNICIAN,SINGLE,TERTIARY,NO,7546,YES,NO,CELLULAR,28,DEC,137,1,122,3,FAILURE,NO
39,BLUE-COLLAR,MARRIED,SECONDARY,NO,0,YES,NO,CELLULAR,7,MAY,502,1,7,2,FAILURE,NO
29,TECHNICIAN,SINGLE,SECONDARY,NO,113,NO,NO,CELLULAR,12,FEB,328,2,183,4,SUCCESS,YES
45,TECHNICIAN,MARRIED,SECONDARY,NO,1415,YES,NO,CELLULAR,17,NOV,483,1,116,1,FAILURE,NO
32,TECHNICIAN,MARRIED,SECONDARY,NO,286,NO,NO,CELLULAR,20,APR,60,1,343,4,FAILURE,NO
35,MANAGEMENT,MARRIED,TERTIARY,NO,93,NO,NO,CELLULAR,4,MAY,198,2,88,1,OTHER,NO
38,BLUE-COLLAR,MARRIED,SECONDARY,NO,1663,YES,NO,CELLULAR,13,APR,217,3,327,1,FAILURE,NO
42,BLUE-COLLAR,MARRIED,PRIMARY,NO,792,YES,YES,CELLULAR,19,NOV,611,2,175,12,OTHER,NO
37,SERVICES,MARRIED,SECONDARY,NO,4760,YES,NO,CELLULAR,8,MAY,182,2,169,2,FAILURE,NO
50,BLUE-COLLAR,DIVORCED,SECONDARY,NO,203,YES,NO,TELEPHONE,19,NOV,265,1,127,4,OTHER,NO
43,SELF-EMPLOYED,MARRIED,SECONDARY,NO,634,YES,NO,CELLULAR,17,NOV,65,1,131,1,FAILURE,NO
54,ENTREPRENEUR,MARRIED,TERTIARY,NO,1544,NO,YES,CELLULAR,5,FEB,85,7,196,3,FAILURE,NO
36,BLUE-COLLAR,MARRIED,PRIMARY,NO,49,YES,NO,CELLULAR,15,MAY,232,2,365,5,OTHER,NO
34,BLUE-COLLAR,SINGLE,PRIMARY,NO,464,YES,NO,CELLULAR,18,MAY,173,1,299,2,OTHER,NO
37,MANAGEMENT,MARRIED,TERTIARY,NO,539,NO,NO,CELLULAR,18,JAN,540,2,115,3,FAILURE,NO
46,BLUE-COLLAR,MARRIED,PRIMARY,NO,2558,YES,NO,TELEPHONE,20,NOV,107,1,167,1,OTHER,NO
70,RETIRED,MARRIED,SECONDARY,NO,2815,NO,NO,CELLULAR,26,APR,125,2,182,1,FAILURE,NO
32,MANAGEMENT,MARRIED,SECONDARY,NO,6217,YES,YES,CELLULAR,18,NOV,486,2,181,2,FAILURE,NO
55,SELF-EMPLOYED,MARRIED,SECONDARY,NO,203,YES,NO,TELEPHONE,14,MAY,9,5,174,12,OTHER,NO
36,SERVICES,MARRIED,SECONDARY,NO,1746,YES,NO,CELLULAR,7,APR,15,1,316,1,FAILURE,NO
38,TECHNICIAN,MARRIED,SECONDARY,NO,821,YES,YES,CELLULAR,17,NOV,224,2,180,1,FAILURE,NO
59,BLUE-COLLAR,MARRIED,PRIMARY,NO,699,NO,NO,CELLULAR,28,JAN,98,1,154,6,FAILURE,NO
42,UNEMPLOYED,DIVORCED,SECONDARY,NO,759,NO,NO,CELLULAR,28,JAN,97,1,169,3,FAILURE,NO
33,BLUE-COLLAR,MARRIED,SECONDARY,NO,687,YES,NO,CELLULAR,14,MAY,72,2,370,1,FAILURE,NO
53,RETIRED,MARRIED,SECONDARY,NO,4968,NO,NO,CELLULAR,6,MAY,109,1,87,2,FAILURE,NO
36,ADMIN.,DIVORCED,SECONDARY,NO,356,YES,NO,CELLULAR,7,APR,244,3,313,1,FAILURE,NO
53,BLUE-COLLAR,MARRIED,PRIMARY,NO,306,NO,NO,CELLULAR,28,JUL,388,3,181,1,SUCCESS,YES
47,BLUE-COLLAR,MARRIED,PRIMARY,NO,556,YES,NO,CELLULAR,4,FEB,147,2,264,4,OTHER,NO
32,MANAGEMENT,MARRIED,TERTIARY,NO,4761,YES,NO,CELLULAR,5,MAY,159,2,350,2,FAILURE,NO
40,ADMIN.,MARRIED,SECONDARY,NO,168,YES,NO,CELLULAR,7,MAY,249,2,169,1,FAILURE,NO
43,ADMIN.,MARRIED,SECONDARY,NO,132,NO,NO,CELLULAR,19,AUG,574,1,84,3,SUCCESS,YES
34,BLUE-COLLAR,MARRIED,SECONDARY,NO,7,YES,YES,CELLULAR,2,FEB,171,2,193,2,OTHER,NO
31,MANAGEMENT,SINGLE,TERTIARY,NO,3283,NO,NO,CELLULAR,2,FEB,258,1,73,1,FAILURE,YES
40,UNEMPLOYED,DIVORCED,SECONDARY,NO,507,YES,NO,CELLULAR,2,FEB,134,1,266,7,FAILURE,NO
56,BLUE-COLLAR,MARRIED,SECONDARY,NO,2190,NO,YES,CELLULAR,30,JAN,90,2,232,1,FAILURE,NO
48,MANAGEMENT,MARRIED,SECONDARY,NO,4415,YES,NO,CELLULAR,8,APR,1032,3,141,7,FAILURE,YES
53,ADMIN.,SINGLE,SECONDARY,NO,2398,YES,NO,CELLULAR,2,AUG,317,1,180,2,FAILURE,YES
40,ADMIN.,SINGLE,SECONDARY,NO,100,YES,NO,CELLULAR,11,AUG,221,1,461,1,SUCCESS,YES
49,ADMIN.,MARRIED,SECONDARY,NO,197,YES,NO,CELLULAR,13,APR,223,1,182,2,FAILURE,YES
40,TECHNICIAN,SINGLE,TERTIARY,NO,825,YES,NO,CELLULAR,20,APR,38,1,335,1,OTHER,NO
47,HOUSEMAID,SINGLE,TERTIARY,NO,3232,NO,NO,TELEPHONE,6,OCT,541,1,204,3,FAILURE,NO
29,MANAGEMENT,SINGLE,TERTIARY,NO,1445,NO,NO,CELLULAR,26,APR,328,2,143,2,SUCCESS,YES
35,TECHNICIAN,MARRIED,SECONDARY,NO,0,YES,NO,CELLULAR,9,NOV,524,1,96,5,SUCCESS,YES
35,SELF-EMPLOYED,SINGLE,TERTIARY,NO,44,NO,NO,CELLULAR,7,SEP,310,2,96,2,OTHER,NO
29,ADMIN.,SINGLE,SECONDARY,NO,1992,NO,NO,CELLULAR,8,JUL,202,1,87,2,FAILURE,NO
51,MANAGEMENT,SINGLE,TERTIARY,NO,297,YES,NO,CELLULAR,15,MAY,415,4,375,1,FAILURE,YES
32,TECHNICIAN,SINGLE,TERTIARY,NO,13711,YES,NO,CELLULAR,14,MAY,638,1,175,3,SUCCESS,NO
37,SERVICES,SINGLE,SECONDARY,NO,1175,YES,NO,CELLULAR,15,MAY,102,1,333,2,FAILURE,NO
70,RETIRED,MARRIED,TERTIARY,NO,15834,NO,NO,CELLULAR,5,APR,172,3,186,1,FAILURE,NO
28,BLUE-COLLAR,MARRIED,SECONDARY,NO,373,YES,NO,CELLULAR,14,MAY,10,9,344,1,FAILURE,NO
27,BLUE-COLLAR,MARRIED,SECONDARY,NO,2171,YES,NO,CELLULAR,16,APR,130,1,323,1,OTHER,NO
46,ADMIN.,MARRIED,SECONDARY,NO,4958,YES,NO,CELLULAR,17,NOV,64,3,150,5,OTHER,NO
50,MANAGEMENT,MARRIED,TERTIARY,NO,4374,YES,NO,CELLULAR,21,NOV,163,2,113,3,FAILURE,NO
36,SERVICES,SINGLE,SECONDARY,NO,774,YES,NO,CELLULAR,3,FEB,231,2,259,1,FAILURE,NO
37,BLUE-COLLAR,MARRIED,PRIMARY,NO,0,YES,NO,CELLULAR,6,MAY,226,1,363,3,OTHER,NO
38,BLUE-COLLAR,MARRIED,PRIMARY,NO,2240,YES,NO,CELLULAR,19,NOV,551,1,183,1,FAILURE,NO
48,MANAGEMENT,DIVORCED,TERTIARY,NO,541,YES,NO,CELLULAR,14,MAY,72,1,363,2,OTHER,NO
47,BLUE-COLLAR,MARRIED,SECONDARY,NO,1230,YES,NO,CELLULAR,30,APR,412,1,169,1,SUCCESS,YES
32,ADMIN.,SINGLE,SECONDARY,NO,45,YES,YES,CELLULAR,14,MAY,908,3,344,7,OTHER,NO
86,RETIRED,MARRIED,SECONDARY,NO,1503,NO,NO,TELEPHONE,18,MAR,165,3,101,1,OTHER,NO
34,SERVICES,DIVORCED,SECONDARY,NO,991,YES,NO,CELLULAR,6,MAY,89,1,344,1,FAILURE,NO
30,BLUE-COLLAR,SINGLE,SECONDARY,NO,180,NO,NO,CELLULAR,14,JUL,203,1,183,2,FAILURE,NO
34,TECHNICIAN,SINGLE,SECONDARY,NO,440,YES,NO,CELLULAR,6,MAY,445,2,345,2,FAILURE,NO
39,TECHNICIAN,DIVORCED,SECONDARY,NO,902,YES,NO,CELLULAR,10,FEB,691,2,180,5,FAILURE,YES
28,STUDENT,SINGLE,TERTIARY,NO,0,NO,NO,CELLULAR,28,SEP,294,2,105,7,OTHER,YES
46,MANAGEMENT,MARRIED,TERTIARY,NO,273,YES,NO,CELLULAR,18,MAR,910,2,184,4,SUCCESS,YES
54,RETIRED,MARRIED,SECONDARY,NO,1139,YES,NO,CELLULAR,14,MAY,155,1,177,7,FAILURE,NO
54,BLUE-COLLAR,MARRIED,SECONDARY,NO,0,NO,NO,TELEPHONE,16,APR,1366,1,150,1,FAILURE,NO
29,MANAGEMENT,SINGLE,TERTIARY,NO,1026,NO,NO,CELLULAR,12,NOV,226,1,92,1,OTHER,YES
22,STUDENT,SINGLE,PRIMARY,NO,3472,NO,NO,CELLULAR,20,OCT,332,1,183,3,FAILURE,YES
49,BLUE-COLLAR,MARRIED,PRIMARY,NO,474,YES,YES,TELEPHONE,9,FEB,152,3,221,1,FAILURE,NO
46,ENTREPRENEUR,SINGLE,TERTIARY,NO,1410,YES,NO,CELLULAR,19,NOV,93,1,189,8,FAILURE,NO
41,ADMIN.,DIVORCED,SECONDARY,NO,6046,YES,YES,TELEPHONE,15,MAR,300,6,182,2,SUCCESS,YES
36,ADMIN.,SINGLE,TERTIARY,NO,980,NO,NO,CELLULAR,11,NOV,118,4,104,7,FAILURE,NO
77,RETIRED,MARRIED,PRIMARY,NO,680,NO,NO,TELEPHONE,24,FEB,513,2,89,7,FAILURE,NO
34,TECHNICIAN,SINGLE,SECONDARY,NO,105,YES,NO,CELLULAR,7,MAY,146,2,171,3,FAILURE,NO
45,BLUE-COLLAR,MARRIED,SECONDARY,NO,2926,YES,YES,CELLULAR,19,NOV,482,3,120,2,FAILURE,NO
28,BLUE-COLLAR,MARRIED,PRIMARY,NO,60,YES,NO,CELLULAR,6,MAY,161,1,337,1,FAILURE,NO
32,ADMIN.,SINGLE,TERTIARY,NO,1583,YES,NO,CELLULAR,19,NOV,100,1,182,1,FAILURE,NO
28,BLUE-COLLAR,SINGLE,SECONDARY,NO,1065,YES,YES,CELLULAR,17,APR,406,1,317,1,FAILURE,NO
31,BLUE-COLLAR,SINGLE,SECONDARY,NO,609,YES,NO,CELLULAR,14,APR,1126,1,335,1,FAILURE,NO
40,MANAGEMENT,SINGLE,TERTIARY,NO,0,YES,NO,CELLULAR,23,FEB,228,2,182,6,FAILURE,YES
51,BLUE-COLLAR,MARRIED,PRIMARY,NO,42,YES,NO,CELLULAR,12,MAY,51,2,342,3,FAILURE,NO
59,MANAGEMENT,MARRIED,PRIMARY,NO,1727,NO,NO,TELEPHONE,25,MAY,500,4,358,2,FAILURE,YES
30,MANAGEMENT,MARRIED,TERTIARY,NO,1942,YES,YES,CELLULAR,21,NOV,436,2,178,3,OTHER,YES
59,TECHNICIAN,MARRIED,PRIMARY,NO,4198,NO,NO,CELLULAR,14,JAN,309,1,91,10,SUCCESS,YES
52,BLUE-COLLAR,MARRIED,PRIMARY,NO,230,YES,NO,CELLULAR,6,MAY,198,2,170,2,FAILURE,NO
48,TECHNICIAN,MARRIED,SECONDARY,NO,568,YES,NO,CELLULAR,2,SEP,378,2,386,1,SUCCESS,YES
41,HOUSEMAID,DIVORCED,PRIMARY,NO,22,YES,NO,CELLULAR,18,NOV,238,3,126,4,OTHER,NO
47,TECHNICIAN,MARRIED,SECONDARY,NO,1167,YES,NO,CELLULAR,30,APR,968,1,87,5,FAILURE,YES
38,MANAGEMENT,SINGLE,TERTIARY,NO,35,YES,NO,CELLULAR,17,APR,156,1,273,3,FAILURE,NO
80,RETIRED,MARRIED,SECONDARY,NO,8304,NO,NO,TELEPHONE,6,APR,681,1,118,11,SUCCESS,NO
69,RETIRED,MARRIED,TERTIARY,NO,473,NO,NO,CELLULAR,7,JUL,112,1,78,1,FAILURE,NO
26,MANAGEMENT,SINGLE,TERTIARY,NO,592,NO,NO,TELEPHONE,29,JAN,145,2,164,1,OTHER,NO
58,MANAGEMENT,MARRIED,TERTIARY,NO,9339,YES,NO,TELEPHONE,18,NOV,52,3,172,3,OTHER,NO
38,SELF-EMPLOYED,DIVORCED,TERTIARY,NO,1513,NO,NO,CELLULAR,7,MAY,330,1,342,1,FAILURE,NO
24,STUDENT,SINGLE,SECONDARY,NO,508,YES,NO,TELEPHONE,18,MAY,12,3,374,1,OTHER,NO
48,UNEMPLOYED,MARRIED,SECONDARY,NO,817,NO,NO,CELLULAR,14,JAN,517,1,282,4,SUCCESS,YES
41,TECHNICIAN,DIVORCED,SECONDARY,NO,348,YES,NO,CELLULAR,7,MAY,225,2,275,2,FAILURE,NO
35,HOUSEMAID,MARRIED,TERTIARY,NO,1265,YES,NO,CELLULAR,15,MAY,326,5,179,4,FAILURE,YES
37,MANAGEMENT,MARRIED,TERTIARY,NO,4089,YES,NO,CELLULAR,2,FEB,289,2,174,4,OTHER,YES
51,BLUE-COLLAR,DIVORCED,PRIMARY,NO,602,YES,NO,CELLULAR,11,MAY,347,1,284,2,FAILURE,NO
33,SERVICES,MARRIED,SECONDARY,NO,386,NO,NO,CELLULAR,12,NOV,253,1,92,4,FAILURE,YES
47,TECHNICIAN,MARRIED,SECONDARY,NO,826,YES,NO,TELEPHONE,18,NOV,195,3,112,8,OTHER,NO
32,BLUE-COLLAR,SINGLE,SECONDARY,NO,33,YES,NO,CELLULAR,18,MAY,125,1,368,4,FAILURE,NO
40,SERVICES,MARRIED,SECONDARY,NO,1438,YES,NO,CELLULAR,6,MAY,207,1,351,2,FAILURE,NO
46,ADMIN.,SINGLE,SECONDARY,NO,1693,YES,NO,CELLULAR,25,JAN,137,1,97,1,SUCCESS,NO
54,MANAGEMENT,DIVORCED,TERTIARY,NO,26306,YES,NO,CELLULAR,11,FEB,27,1,84,3,FAILURE,NO
34,MANAGEMENT,MARRIED,TERTIARY,NO,3301,YES,NO,CELLULAR,17,JUN,485,2,227,4,FAILURE,YES
24,STUDENT,SINGLE,SECONDARY,NO,822,NO,NO,CELLULAR,27,OCT,184,1,91,2,FAILURE,YES
33,BLUE-COLLAR,MARRIED,SECONDARY,NO,139,YES,YES,CELLULAR,18,MAY,732,2,291,5,FAILURE,YES
46,MANAGEMENT,SINGLE,TERTIARY,NO,46,NO,YES,CELLULAR,17,NOV,80,1,152,1,FAILURE,NO
34,ADMIN.,SINGLE,SECONDARY,NO,10,NO,YES,CELLULAR,18,NOV,162,1,173,3,FAILURE,NO
49,UNEMPLOYED,DIVORCED,TERTIARY,NO,780,NO,NO,CELLULAR,8,NOV,148,1,871,2,FAILURE,NO
37,MANAGEMENT,MARRIED,TERTIARY,NO,238,NO,NO,CELLULAR,3,FEB,185,1,92,1,SUCCESS,YES
36,MANAGEMENT,SINGLE,TERTIARY,NO,1531,YES,NO,CELLULAR,8,MAY,81,3,170,1,FAILURE,NO
58,RETIRED,MARRIED,SECONDARY,NO,502,YES,NO,CELLULAR,12,MAY,197,2,370,3,FAILURE,NO
55,ADMIN.,MARRIED,SECONDARY,NO,0,NO,NO,CELLULAR,23,SEP,180,2,238,3,SUCCESS,NO
34,MANAGEMENT,SINGLE,TERTIARY,NO,171,YES,NO,CELLULAR,7,MAY,191,1,294,1,FAILURE,NO
38,TECHNICIAN,MARRIED,SECONDARY,NO,1931,NO,NO,CELLULAR,2,JUN,167,1,298,10,OTHER,NO
34,ENTREPRENEUR,MARRIED,SECONDARY,NO,2,YES,YES,CELLULAR,5,MAY,184,1,167,6,FAILURE,NO
48,TECHNICIAN,MARRIED,SECONDARY,NO,197,NO,YES,CELLULAR,3,FEB,47,2,222,3,OTHER,NO
28,TECHNICIAN,SINGLE,SECONDARY,NO,769,YES,NO,CELLULAR,15,MAY,153,1,371,2,FAILURE,NO
36,TECHNICIAN,MARRIED,TERTIARY,NO,6,YES,NO,CELLULAR,27,JAN,100,1,435,1,FAILURE,NO
53,ADMIN.,MARRIED,SECONDARY,NO,225,YES,NO,CELLULAR,20,APR,304,1,340,1,FAILURE,NO
38,ADMIN.,SINGLE,SECONDARY,NO,883,YES,NO,CELLULAR,12,MAY,95,1,327,9,OTHER,NO
30,MANAGEMENT,MARRIED,TERTIARY,NO,102,YES,NO,CELLULAR,5,APR,470,7,426,3,OTHER,YES
33,ADMIN.,SINGLE,TERTIARY,NO,490,YES,NO,CELLULAR,7,MAY,31,1,363,2,FAILURE,NO
26,SERVICES,SINGLE,SECONDARY,NO,512,YES,YES,CELLULAR,30,JAN,206,5,239,3,FAILURE,NO
36,SERVICES,SINGLE,SECONDARY,NO,417,YES,NO,CELLULAR,6,FEB,15,10,207,3,FAILURE,NO
33,ADMIN.,DIVORCED,SECONDARY,NO,661,YES,NO,CELLULAR,18,NOV,411,1,173,2,OTHER,NO
43,SERVICES,SINGLE,SECONDARY,NO,3403,YES,NO,CELLULAR,12,NOV,707,2,97,2,SUCCESS,YES
42,BLUE-COLLAR,DIVORCED,SECONDARY,NO,1491,YES,NO,CELLULAR,6,MAY,203,2,334,2,FAILURE,NO
32,TECHNICIAN,SINGLE,SECONDARY,NO,6402,YES,NO,CELLULAR,6,MAY,158,1,167,1,SUCCESS,NO
30,MANAGEMENT,MARRIED,TERTIARY,NO,877,NO,NO,CELLULAR,13,AUG,202,1,83,5,FAILURE,NO
40,TECHNICIAN,MARRIED,SECONDARY,NO,0,YES,YES,CELLULAR,26,JUL,105,2,172,1,FAILURE,NO
26,STUDENT,SINGLE,SECONDARY,NO,203,NO,NO,CELLULAR,16,NOV,104,1,196,1,FAILURE,NO
52,TECHNICIAN,MARRIED,SECONDARY,NO,1818,NO,YES,CELLULAR,17,NOV,189,2,111,4,FAILURE,NO
42,UNEMPLOYED,MARRIED,SECONDARY,NO,1289,NO,NO,CELLULAR,15,JUL,250,4,415,2,FAILURE,YES
73,RETIRED,MARRIED,PRIMARY,NO,796,NO,NO,CELLULAR,23,OCT,427,1,182,2,FAILURE,YES
51,TECHNICIAN,MARRIED,SECONDARY,NO,117,NO,NO,CELLULAR,24,AUG,467,2,88,4,OTHER,YES
39,MANAGEMENT,MARRIED,TERTIARY,NO,691,YES,YES,CELLULAR,16,APR,517,1,255,1,FAILURE,NO
35,MANAGEMENT,MARRIED,SECONDARY,NO,724,YES,NO,CELLULAR,14,JUL,287,2,415,1,FAILURE,YES
46,BLUE-COLLAR,MARRIED,PRIMARY,NO,665,NO,NO,CELLULAR,30,JAN,89,4,235,2,FAILURE,NO
36,MANAGEMENT,MARRIED,TERTIARY,NO,925,NO,NO,CELLULAR,14,DEC,321,3,189,4,SUCCESS,YES
26,BLUE-COLLAR,SINGLE,PRIMARY,NO,155,YES,NO,CELLULAR,29,JAN,291,1,244,4,FAILURE,NO
22,STUDENT,SINGLE,SECONDARY,NO,2488,NO,NO,CELLULAR,8,NOV,449,2,38,10,OTHER,YES
32,MANAGEMENT,MARRIED,TERTIARY,NO,1667,YES,NO,CELLULAR,18,NOV,164,2,179,3,FAILURE,NO
50,ADMIN.,DIVORCED,SECONDARY,NO,769,NO,NO,CELLULAR,28,JUL,72,2,363,4,FAILURE,NO
35,BLUE-COLLAR,MARRIED,SECONDARY,NO,1257,YES,NO,CELLULAR,20,APR,93,3,329,7,FAILURE,NO
56,ENTREPRENEUR,DIVORCED,PRIMARY,NO,29,NO,NO,CELLULAR,29,JAN,52,2,227,1,FAILURE,NO
44,TECHNICIAN,DIVORCED,SECONDARY,NO,14,NO,NO,CELLULAR,13,NOV,167,1,92,1,SUCCESS,YES
31,MANAGEMENT,MARRIED,TERTIARY,NO,4148,YES,NO,CELLULAR,21,NOV,316,3,99,9,OTHER,YES
49,UNEMPLOYED,MARRIED,TERTIARY,NO,377,NO,NO,CELLULAR,22,MAY,158,1,59,2,FAILURE,NO
34,ADMIN.,DIVORCED,SECONDARY,NO,479,YES,NO,CELLULAR,12,MAY,515,1,350,5,FAILURE,YES
44,BLUE-COLLAR,MARRIED,SECONDARY,NO,1071,YES,NO,CELLULAR,11,MAY,143,3,357,1,FAILURE,NO
55,ADMIN.,MARRIED,SECONDARY,NO,865,YES,NO,CELLULAR,17,APR,85,1,151,1,FAILURE,NO
52,TECHNICIAN,MARRIED,TERTIARY,NO,2557,NO,NO,CELLULAR,28,JAN,134,5,204,2,SUCCESS,YES
32,TECHNICIAN,MARRIED,SECONDARY,NO,4,NO,NO,CELLULAR,4,FEB,145,2,260,4,FAILURE,NO
36,BLUE-COLLAR,SINGLE,PRIMARY,NO,367,NO,NO,CELLULAR,2,FEB,217,1,221,1,FAILURE,NO
36,ADMIN.,MARRIED,SECONDARY,NO,725,YES,NO,CELLULAR,27,FEB,123,3,99,8,FAILURE,NO
45,BLUE-COLLAR,MARRIED,SECONDARY,NO,776,YES,NO,CELLULAR,6,FEB,232,4,253,1,FAILURE,NO
28,TECHNICIAN,SINGLE,SECONDARY,NO,1453,YES,NO,CELLULAR,12,MAY,246,1,343,1,OTHER,NO
27,ADMIN.,SINGLE,TERTIARY,NO,3672,YES,NO,CELLULAR,15,MAY,157,2,351,5,FAILURE,NO
45,BLUE-COLLAR,SINGLE,SECONDARY,NO,0,YES,NO,CELLULAR,26,APR,1472,1,192,4,FAILURE,YES
36,MANAGEMENT,MARRIED,TERTIARY,NO,1133,YES,NO,CELLULAR,4,AUG,293,1,181,2,OTHER,YES
59,ADMIN.,MARRIED,SECONDARY,NO,92,YES,NO,CELLULAR,12,MAY,139,2,350,1,FAILURE,NO
27,STUDENT,SINGLE,TERTIARY,NO,3733,YES,NO,CELLULAR,22,MAY,198,1,98,6,SUCCESS,YES
46,ADMIN.,MARRIED,SECONDARY,NO,0,YES,YES,CELLULAR,20,APR,239,2,259,2,FAILURE,NO
35,SELF-EMPLOYED,MARRIED,TERTIARY,NO,560,YES,NO,CELLULAR,2,APR,58,1,136,1,FAILURE,NO
29,MANAGEMENT,SINGLE,TERTIARY,NO,437,NO,NO,CELLULAR,5,AUG,504,1,92,1,SUCCESS,YES
74,RETIRED,MARRIED,SECONDARY,NO,935,NO,NO,CELLULAR,26,JAN,100,1,104,1,OTHER,NO
57,BLUE-COLLAR,MARRIED,SECONDARY,NO,1521,YES,YES,CELLULAR,18,MAY,102,2,178,5,FAILURE,NO
34,MANAGEMENT,MARRIED,TERTIARY,NO,1310,NO,NO,TELEPHONE,30,JAN,521,3,158,7,OTHER,NO
55,MANAGEMENT,DIVORCED,TERTIARY,NO,9756,YES,NO,CELLULAR,5,JUN,103,2,95,1,OTHER,YES
37,BLUE-COLLAR,MARRIED,PRIMARY,NO,403,YES,NO,CELLULAR,8,MAY,318,2,338,1,SUCCESS,NO
45,TECHNICIAN,DIVORCED,SECONDARY,NO,809,YES,NO,CELLULAR,13,MAY,155,2,363,4,FAILURE,NO
33,MANAGEMENT,MARRIED,TERTIARY,NO,287,YES,NO,CELLULAR,15,MAY,199,2,274,3,OTHER,NO
47,TECHNICIAN,DIVORCED,TERTIARY,NO,477,YES,NO,TELEPHONE,7,MAY,973,1,366,1,FAILURE,NO
32,TECHNICIAN,SINGLE,SECONDARY,NO,230,YES,NO,CELLULAR,18,MAY,442,1,266,8,FAILURE,YES
34,MANAGEMENT,MARRIED,TERTIARY,NO,1657,YES,NO,CELLULAR,18,MAY,566,2,356,4,FAILURE,NO
39,TECHNICIAN,MARRIED,SECONDARY,NO,994,NO,NO,CELLULAR,5,FEB,221,1,241,1,FAILURE,NO
34,BLUE-COLLAR,MARRIED,SECONDARY,NO,1221,YES,NO,CELLULAR,6,MAY,182,1,90,8,FAILURE,NO
42,BLUE-COLLAR,MARRIED,SECONDARY,NO,2157,YES,NO,CELLULAR,13,MAY,149,1,364,2,FAILURE,NO
37,MANAGEMENT,MARRIED,PRIMARY,NO,22856,NO,NO,CELLULAR,2,JUL,154,1,388,1,FAILURE,NO
35,TECHNICIAN,SINGLE,SECONDARY,NO,5731,YES,NO,CELLULAR,4,MAY,164,2,167,4,OTHER,NO
56,ADMIN.,MARRIED,SECONDARY,NO,1270,YES,NO,CELLULAR,17,NOV,80,2,165,2,OTHER,NO
41,ADMIN.,SINGLE,SECONDARY,NO,748,NO,NO,TELEPHONE,21,NOV,94,7,130,3,OTHER,NO
57,ENTREPRENEUR,DIVORCED,SECONDARY,YES,25,YES,NO,CELLULAR,11,MAY,652,1,370,4,OTHER,NO
26,ADMIN.,SINGLE,SECONDARY,NO,96,YES,NO,CELLULAR,13,MAY,612,2,348,3,OTHER,NO
39,MANAGEMENT,MARRIED,TERTIARY,NO,763,YES,NO,CELLULAR,11,MAY,877,7,300,2,OTHER,YES
36,MANAGEMENT,MARRIED,TERTIARY,NO,1582,NO,NO,TELEPHONE,3,FEB,26,2,197,1,FAILURE,NO
43,BLUE-COLLAR,MARRIED,SECONDARY,NO,699,YES,YES,CELLULAR,20,NOV,1258,2,122,2,OTHER,YES
47,BLUE-COLLAR,MARRIED,PRIMARY,NO,881,YES,NO,CELLULAR,14,MAY,143,1,370,2,FAILURE,NO
38,TECHNICIAN,MARRIED,SECONDARY,NO,6728,NO,NO,CELLULAR,25,NOV,232,1,96,4,SUCCESS,YES
40,SELF-EMPLOYED,MARRIED,SECONDARY,NO,167,YES,YES,CELLULAR,8,MAY,380,4,295,1,FAILURE,NO
32,TECHNICIAN,SINGLE,TERTIARY,NO,1625,NO,NO,CELLULAR,22,MAY,796,1,109,1,FAILURE,YES
23,BLUE-COLLAR,SINGLE,PRIMARY,NO,8627,YES,NO,CELLULAR,15,MAY,169,1,346,1,FAILURE,NO
31,MANAGEMENT,SINGLE,TERTIARY,NO,2590,NO,NO,CELLULAR,23,SEP,103,2,484,2,OTHER,NO
61,HOUSEMAID,MARRIED,PRIMARY,NO,848,NO,NO,CELLULAR,27,APR,605,1,187,1,OTHER,NO
43,MANAGEMENT,MARRIED,SECONDARY,NO,481,YES,NO,TELEPHONE,18,NOV,164,1,110,2,OTHER,NO
32,MANAGEMENT,SINGLE,TERTIARY,NO,697,NO,NO,CELLULAR,7,AUG,119,1,99,3,FAILURE,NO
39,MANAGEMENT,MARRIED,TERTIARY,NO,894,YES,NO,CELLULAR,20,APR,491,1,326,1,OTHER,NO
37,BLUE-COLLAR,MARRIED,PRIMARY,NO,655,YES,NO,CELLULAR,5,FEB,127,2,258,4,FAILURE,NO
56,RETIRED,DIVORCED,PRIMARY,NO,694,NO,NO,CELLULAR,29,JAN,144,1,102,1,OTHER,YES
41,TECHNICIAN,SINGLE,TERTIARY,NO,1646,YES,NO,CELLULAR,4,FEB,261,1,184,6,SUCCESS,YES
29,ADMIN.,SINGLE,TERTIARY,NO,14,NO,NO,CELLULAR,29,SEP,87,1,120,1,FAILURE,NO
39,ADMIN.,MARRIED,SECONDARY,NO,260,YES,NO,CELLULAR,17,APR,146,1,281,1,FAILURE,NO
49,BLUE-COLLAR,MARRIED,SECONDARY,NO,2039,YES,NO,CELLULAR,6,MAY,451,1,169,2,FAILURE,YES
46,BLUE-COLLAR,MARRIED,PRIMARY,NO,147,YES,NO,CELLULAR,6,MAY,116,2,169,3,FAILURE,NO
36,TECHNICIAN,MARRIED,SECONDARY,NO,55,YES,NO,CELLULAR,13,MAY,38,2,369,4,FAILURE,NO
35,MANAGEMENT,MARRIED,TERTIARY,NO,552,YES,YES,CELLULAR,19,NOV,314,2,124,1,FAILURE,NO
32,BLUE-COLLAR,MARRIED,SECONDARY,NO,1787,YES,NO,CELLULAR,12,MAY,87,4,357,4,FAILURE,NO
31,MANAGEMENT,SINGLE,TERTIARY,NO,12569,NO,NO,CELLULAR,9,SEP,344,1,295,1,FAILURE,YES
46,BLUE-COLLAR,MARRIED,SECONDARY,NO,4855,YES,NO,CELLULAR,10,AUG,1529,1,397,1,FAILURE,NO
47,TECHNICIAN,MARRIED,TERTIARY,NO,2408,NO,NO,CELLULAR,12,AUG,236,1,104,1,SUCCESS,NO
37,BLUE-COLLAR,MARRIED,SECONDARY,NO,346,YES,NO,CELLULAR,17,APR,390,1,316,1,FAILURE,NO
38,ENTREPRENEUR,MARRIED,TERTIARY,NO,1514,NO,YES,CELLULAR,21,NOV,160,3,120,3,FAILURE,NO
38,ENTREPRENEUR,SINGLE,SECONDARY,NO,2543,NO,NO,CELLULAR,10,AUG,223,1,414,4,FAILURE,YES
56,BLUE-COLLAR,MARRIED,PRIMARY,NO,828,YES,NO,CELLULAR,14,MAY,214,1,349,1,FAILURE,NO
47,HOUSEMAID,MARRIED,SECONDARY,NO,3940,YES,NO,CELLULAR,9,NOV,171,2,96,5,SUCCESS,NO
37,ADMIN.,MARRIED,SECONDARY,NO,7,YES,NO,CELLULAR,27,MAY,224,7,105,1,OTHER,NO
60,ADMIN.,MARRIED,SECONDARY,NO,3735,NO,NO,CELLULAR,22,DEC,190,1,188,9,SUCCESS,YES
44,BLUE-COLLAR,MARRIED,SECONDARY,NO,508,YES,NO,CELLULAR,20,APR,222,1,154,1,FAILURE,NO
43,BLUE-COLLAR,MARRIED,PRIMARY,NO,60,NO,NO,CELLULAR,8,MAY,487,2,367,2,OTHER,NO
37,BLUE-COLLAR,MARRIED,SECONDARY,NO,342,YES,NO,CELLULAR,12,MAY,340,2,175,1,FAILURE,NO
36,BLUE-COLLAR,SINGLE,TERTIARY,NO,1830,NO,NO,CELLULAR,14,OCT,183,1,91,11,FAILURE,NO
38,MANAGEMENT,SINGLE,TERTIARY,NO,16957,YES,NO,TELEPHONE,29,JAN,208,1,247,2,FAILURE,NO
40,MANAGEMENT,MARRIED,TERTIARY,NO,0,NO,NO,CELLULAR,10,NOV,147,1,96,8,SUCCESS,YES
55,UNEMPLOYED,MARRIED,TERTIARY,NO,4809,YES,NO,CELLULAR,21,NOV,223,2,186,3,OTHER,NO
34,ADMIN.,MARRIED,SECONDARY,NO,2374,YES,NO,CELLULAR,9,NOV,161,1,209,2,FAILURE,YES
32,ADMIN.,SINGLE,SECONDARY,NO,92,YES,NO,CELLULAR,18,MAY,110,1,315,2,FAILURE,NO
40,BLUE-COLLAR,MARRIED,PRIMARY,NO,1397,YES,NO,TELEPHONE,12,MAY,58,2,334,1,FAILURE,NO
35,SERVICES,SINGLE,SECONDARY,NO,414,YES,NO,CELLULAR,20,APR,11,5,319,2,OTHER,NO
38,TECHNICIAN,MARRIED,SECONDARY,NO,4030,YES,NO,CELLULAR,19,NOV,75,2,177,5,FAILURE,NO
52,ADMIN.,MARRIED,SECONDARY,NO,0,NO,NO,CELLULAR,22,APR,91,2,275,1,FAILURE,NO
43,MANAGEMENT,SINGLE,TERTIARY,NO,1696,YES,NO,CELLULAR,26,AUG,257,1,474,3,FAILURE,YES
34,BLUE-COLLAR,MARRIED,SECONDARY,NO,856,YES,NO,CELLULAR,20,APR,470,1,150,5,OTHER,NO
34,TECHNICIAN,SINGLE,SECONDARY,NO,347,YES,NO,CELLULAR,6,FEB,154,2,197,6,FAILURE,NO
31,TECHNICIAN,SINGLE,SECONDARY,NO,2544,NO,NO,CELLULAR,15,JUL,252,1,184,3,SUCCESS,YES
46,MANAGEMENT,MARRIED,TERTIARY,NO,523,YES,NO,CELLULAR,6,MAY,105,4,366,2,FAILURE,NO
56,RETIRED,MARRIED,SECONDARY,NO,3948,NO,NO,CELLULAR,3,APR,484,1,135,3,FAILURE,NO
66,RETIRED,MARRIED,PRIMARY,NO,747,NO,NO,TELEPHONE,28,JAN,203,3,93,1,FAILURE,NO
39,SELF-EMPLOYED,MARRIED,TERTIARY,NO,585,YES,NO,CELLULAR,18,NOV,48,1,181,3,FAILURE,NO
28,TECHNICIAN,MARRIED,SECONDARY,NO,232,YES,YES,CELLULAR,29,JAN,72,1,261,1,FAILURE,NO
53,SELF-EMPLOYED,MARRIED,TERTIARY,NO,451,YES,NO,CELLULAR,2,FEB,125,1,249,2,FAILURE,NO
32,ADMIN.,SINGLE,SECONDARY,NO,678,YES,NO,CELLULAR,4,FEB,1579,1,246,4,FAILURE,YES
45,TECHNICIAN,DIVORCED,SECONDARY,NO,976,YES,NO,CELLULAR,17,APR,183,1,338,2,FAILURE,NO
36,ADMIN.,SINGLE,SECONDARY,NO,1927,YES,NO,CELLULAR,18,NOV,288,1,137,1,OTHER,NO
75,BLUE-COLLAR,MARRIED,SECONDARY,NO,6053,NO,NO,CELLULAR,11,FEB,865,2,190,1,FAILURE,NO
35,ADMIN.,MARRIED,SECONDARY,NO,725,YES,NO,CELLULAR,20,NOV,219,7,133,1,FAILURE,NO
50,ENTREPRENEUR,MARRIED,SECONDARY,NO,806,YES,YES,CELLULAR,7,MAY,141,8,297,2,OTHER,NO
55,MANAGEMENT,DIVORCED,TERTIARY,NO,481,YES,NO,TELEPHONE,8,MAY,147,2,298,3,FAILURE,NO
28,ADMIN.,SINGLE,SECONDARY,NO,4745,NO,NO,TELEPHONE,12,MAY,360,1,181,5,SUCCESS,YES
33,BLUE-COLLAR,MARRIED,SECONDARY,NO,331,YES,NO,CELLULAR,14,MAY,178,7,365,5,OTHER,NO
79,RETIRED,MARRIED,PRIMARY,NO,8556,NO,NO,TELEPHONE,18,JAN,326,2,272,2,SUCCESS,YES
77,RETIRED,MARRIED,PRIMARY,NO,680,NO,NO,TELEPHONE,27,NOV,341,4,94,3,FAILURE,NO
29,ADMIN.,MARRIED,SECONDARY,NO,22171,YES,NO,CELLULAR,18,MAY,44,1,355,3,FAILURE,NO
56,MANAGEMENT,MARRIED,TERTIARY,NO,856,YES,YES,CELLULAR,4,FEB,70,4,7,7,OTHER,NO
32,BLUE-COLLAR,SINGLE,SECONDARY,NO,53,YES,NO,CELLULAR,18,NOV,276,1,195,1,FAILURE,NO
43,BLUE-COLLAR,MARRIED,PRIMARY,NO,2519,YES,NO,CELLULAR,16,APR,257,2,146,9,OTHER,NO
52,BLUE-COLLAR,MARRIED,SECONDARY,NO,2087,YES,NO,CELLULAR,31,AUG,267,1,474,1,FAILURE,YES
27,MANAGEMENT,SINGLE,TERTIARY,NO,390,NO,NO,CELLULAR,28,OCT,190,1,82,1,SUCCESS,NO
54,TECHNICIAN,MARRIED,TERTIARY,NO,876,NO,NO,CELLULAR,27,OCT,269,3,541,3,SUCCESS,YES
36,MANAGEMENT,MARRIED,TERTIARY,NO,495,NO,NO,CELLULAR,12,MAR,213,3,182,6,SUCCESS,YES
45,ADMIN.,MARRIED,PRIMARY,NO,542,NO,NO,CELLULAR,11,MAY,8,5,350,3,OTHER,NO
35,MANAGEMENT,MARRIED,TERTIARY,NO,24,YES,NO,CELLULAR,8,APR,169,1,231,2,FAILURE,NO
45,BLUE-COLLAR,MARRIED,SECONDARY,NO,192,YES,NO,CELLULAR,13,MAY,154,5,176,1,OTHER,NO
35,BLUE-COLLAR,MARRIED,SECONDARY,NO,262,NO,NO,CELLULAR,2,JUL,96,2,109,4,SUCCESS,NO
44,SERVICES,SINGLE,SECONDARY,NO,5045,YES,NO,CELLULAR,21,NOV,20,6,175,15,OTHER,NO
59,ENTREPRENEUR,MARRIED,PRIMARY,NO,0,NO,NO,TELEPHONE,19,NOV,207,2,153,1,FAILURE,NO
33,TECHNICIAN,SINGLE,SECONDARY,NO,1279,YES,NO,CELLULAR,18,MAY,239,2,349,3,SUCCESS,NO
30,ADMIN.,SINGLE,SECONDARY,NO,127,YES,NO,CELLULAR,18,MAY,16,6,368,1,OTHER,NO
32,TECHNICIAN,DIVORCED,SECONDARY,NO,202,YES,NO,CELLULAR,4,FEB,429,1,201,1,FAILURE,NO
28,SELF-EMPLOYED,SINGLE,TERTIARY,NO,442,NO,NO,CELLULAR,19,JUN,474,3,95,3,OTHER,YES
27,TECHNICIAN,SINGLE,TERTIARY,NO,808,YES,NO,CELLULAR,15,MAY,578,1,364,1,OTHER,NO
38,MANAGEMENT,SINGLE,TERTIARY,NO,427,YES,NO,CELLULAR,6,MAY,17,3,169,2,FAILURE,NO
60,SERVICES,MARRIED,TERTIARY,NO,4256,YES,NO,CELLULAR,16,AUG,239,3,761,1,OTHER,YES
52,SERVICES,DIVORCED,SECONDARY,NO,238,YES,NO,CELLULAR,6,MAY,101,1,362,5,OTHER,NO
64,RETIRED,MARRIED,TERTIARY,NO,846,NO,NO,CELLULAR,11,FEB,671,1,181,3,FAILURE,YES
35,SELF-EMPLOYED,MARRIED,TERTIARY,NO,980,NO,NO,CELLULAR,2,AUG,428,2,336,6,FAILURE,NO
33,ADMIN.,MARRIED,TERTIARY,NO,79,YES,NO,CELLULAR,22,OCT,249,2,335,2,FAILURE,YES
25,MANAGEMENT,SINGLE,TERTIARY,NO,808,NO,NO,CELLULAR,18,SEP,267,2,114,2,FAILURE,YES
31,MANAGEMENT,MARRIED,TERTIARY,NO,22546,YES,NO,CELLULAR,14,MAY,8,6,267,4,FAILURE,NO
29,BLUE-COLLAR,MARRIED,SECONDARY,NO,228,YES,NO,CELLULAR,11,MAY,12,8,342,9,FAILURE,NO
55,ADMIN.,MARRIED,SECONDARY,NO,865,YES,NO,CELLULAR,27,OCT,96,1,111,3,FAILURE,NO
31,ADMIN.,MARRIED,SECONDARY,NO,389,YES,NO,CELLULAR,7,DEC,69,1,185,2,FAILURE,NO
34,ENTREPRENEUR,MARRIED,SECONDARY,NO,1847,YES,NO,CELLULAR,9,APR,543,3,321,6,FAILURE,NO
57,SERVICES,DIVORCED,SECONDARY,NO,4664,NO,NO,CELLULAR,21,NOV,22,4,114,1,FAILURE,NO
31,STUDENT,SINGLE,TERTIARY,NO,64,NO,NO,CELLULAR,15,SEP,208,1,105,2,SUCCESS,NO
33,BLUE-COLLAR,MARRIED,SECONDARY,NO,26,YES,NO,CELLULAR,17,APR,342,3,332,1,OTHER,NO
33,BLUE-COLLAR,SINGLE,SECONDARY,NO,142,YES,NO,CELLULAR,14,MAY,123,1,360,3,OTHER,NO
46,SERVICES,MARRIED,SECONDARY,NO,4,NO,NO,CELLULAR,30,APR,268,1,261,5,OTHER,YES
40,MANAGEMENT,DIVORCED,TERTIARY,NO,502,YES,NO,CELLULAR,3,FEB,267,4,270,3,OTHER,NO
38,MANAGEMENT,SINGLE,TERTIARY,NO,8669,YES,NO,TELEPHONE,20,APR,5,3,150,6,FAILURE,NO
45,ADMIN.,MARRIED,SECONDARY,NO,72,YES,YES,CELLULAR,15,MAY,262,2,352,2,FAILURE,NO
60,ADMIN.,MARRIED,SECONDARY,NO,2552,NO,YES,CELLULAR,30,JAN,255,2,2,4,OTHER,NO
40,SELF-EMPLOYED,MARRIED,PRIMARY,NO,2077,YES,NO,CELLULAR,13,MAY,363,1,173,24,OTHER,NO
41,BLUE-COLLAR,MARRIED,PRIMARY,NO,7735,YES,NO,CELLULAR,20,NOV,220,1,190,1,FAILURE,NO
58,MANAGEMENT,MARRIED,SECONDARY,NO,139,NO,NO,CELLULAR,27,MAY,188,1,161,2,OTHER,NO
29,MANAGEMENT,SINGLE,TERTIARY,NO,21,YES,NO,CELLULAR,14,MAY,107,4,371,3,FAILURE,NO
34,ADMIN.,MARRIED,SECONDARY,NO,5320,NO,NO,CELLULAR,3,MAR,114,6,467,5,OTHER,NO
38,SERVICES,MARRIED,SECONDARY,NO,8876,NO,NO,CELLULAR,2,FEB,280,1,75,1,FAILURE,NO
34,BLUE-COLLAR,MARRIED,SECONDARY,NO,360,YES,NO,TELEPHONE,19,NOV,46,1,182,2,FAILURE,NO
52,ADMIN.,MARRIED,SECONDARY,NO,199,NO,NO,CELLULAR,28,JAN,978,2,189,1,OTHER,NO
46,BLUE-COLLAR,MARRIED,PRIMARY,NO,1291,YES,NO,CELLULAR,14,MAY,142,3,259,17,FAILURE,NO
40,UNEMPLOYED,MARRIED,SECONDARY,NO,0,YES,NO,CELLULAR,19,NOV,332,1,183,1,FAILURE,NO
40,MANAGEMENT,MARRIED,TERTIARY,NO,7780,NO,NO,TELEPHONE,4,MAY,364,1,355,1,OTHER,NO
58,SERVICES,DIVORCED,SECONDARY,NO,462,NO,NO,CELLULAR,13,NOV,495,1,93,1,SUCCESS,YES
32,MANAGEMENT,DIVORCED,TERTIARY,NO,883,YES,NO,CELLULAR,10,DEC,798,1,185,5,OTHER,YES
39,SELF-EMPLOYED,MARRIED,SECONDARY,NO,31,YES,NO,CELLULAR,20,NOV,61,2,181,4,FAILURE,NO
54,TECHNICIAN,MARRIED,SECONDARY,NO,0,NO,NO,TELEPHONE,14,AUG,159,2,106,6,SUCCESS,NO
32,MANAGEMENT,SINGLE,TERTIARY,NO,347,YES,NO,CELLULAR,18,MAY,213,1,264,6,FAILURE,NO
31,TECHNICIAN,MARRIED,SECONDARY,NO,0,YES,YES,CELLULAR,28,JAN,71,1,223,9,OTHER,NO
33,SERVICES,DIVORCED,SECONDARY,NO,2411,YES,NO,CELLULAR,23,OCT,130,1,161,1,FAILURE,YES
46,MANAGEMENT,DIVORCED,TERTIARY,NO,225,YES,NO,CELLULAR,14,MAY,201,1,345,1,OTHER,NO
50,MANAGEMENT,MARRIED,TERTIARY,NO,112,YES,NO,CELLULAR,4,NOV,70,5,85,5,OTHER,NO
47,ADMIN.,SINGLE,SECONDARY,NO,1544,YES,NO,CELLULAR,6,APR,104,1,312,1,FAILURE,NO
39,TECHNICIAN,MARRIED,SECONDARY,NO,6,YES,NO,CELLULAR,18,MAY,122,3,357,4,FAILURE,NO
50,MANAGEMENT,MARRIED,TERTIARY,NO,78,YES,NO,CELLULAR,14,JAN,218,3,161,9,OTHER,NO
34,HOUSEMAID,MARRIED,TERTIARY,NO,0,NO,NO,CELLULAR,26,MAY,141,1,188,1,FAILURE,NO
31,MANAGEMENT,MARRIED,TERTIARY,NO,1384,YES,NO,CELLULAR,30,JAN,203,2,2,3,OTHER,NO
43,BLUE-COLLAR,MARRIED,SECONDARY,NO,2160,NO,NO,CELLULAR,8,SEP,261,1,98,1,SUCCESS,YES
27,TECHNICIAN,SINGLE,SECONDARY,NO,842,NO,NO,CELLULAR,30,JUL,273,1,91,1,OTHER,NO
42,BLUE-COLLAR,SINGLE,PRIMARY,NO,1628,YES,NO,CELLULAR,5,FEB,119,1,195,8,SUCCESS,NO
70,RETIRED,MARRIED,SECONDARY,NO,1164,NO,NO,TELEPHONE,14,MAY,338,3,185,2,FAILURE,NO
50,MANAGEMENT,DIVORCED,TERTIARY,NO,356,NO,NO,CELLULAR,8,MAY,198,2,358,5,OTHER,NO
50,SELF-EMPLOYED,MARRIED,TERTIARY,NO,202,YES,NO,CELLULAR,15,APR,107,1,148,4,FAILURE,NO
34,TECHNICIAN,MARRIED,SECONDARY,NO,114,YES,YES,CELLULAR,4,JUN,153,1,309,3,OTHER,NO
36,TECHNICIAN,MARRIED,TERTIARY,NO,629,YES,YES,CELLULAR,29,DEC,109,1,246,1,FAILURE,NO
27,STUDENT,SINGLE,SECONDARY,NO,268,YES,NO,CELLULAR,13,MAY,528,1,358,2,FAILURE,NO
58,ADMIN.,SINGLE,SECONDARY,NO,2223,NO,NO,CELLULAR,4,DEC,1139,2,114,1,SUCCESS,NO
30,MANAGEMENT,SINGLE,TERTIARY,NO,2,NO,NO,CELLULAR,16,JUN,102,1,85,1,FAILURE,NO
26,SERVICES,SINGLE,SECONDARY,NO,1347,NO,NO,TELEPHONE,18,JUN,280,6,92,5,OTHER,YES
26,SERVICES,SINGLE,SECONDARY,NO,5533,YES,NO,CELLULAR,7,MAY,582,2,283,4,FAILURE,NO
42,ADMIN.,SINGLE,SECONDARY,NO,30,YES,NO,CELLULAR,4,FEB,98,1,266,3,FAILURE,NO
39,MANAGEMENT,SINGLE,TERTIARY,NO,0,YES,NO,CELLULAR,12,MAY,561,4,369,3,FAILURE,NO
43,MANAGEMENT,DIVORCED,TERTIARY,NO,497,NO,NO,CELLULAR,13,MAY,66,1,363,22,FAILURE,NO
30,ADMIN.,SINGLE,TERTIARY,NO,305,NO,NO,CELLULAR,30,APR,633,1,85,2,SUCCESS,YES
29,TECHNICIAN,MARRIED,TERTIARY,NO,858,YES,NO,CELLULAR,12,JUN,234,7,330,1,FAILURE,NO
80,HOUSEMAID,MARRIED,PRIMARY,NO,0,NO,NO,CELLULAR,23,FEB,639,1,189,1,FAILURE,YES
31,MANAGEMENT,MARRIED,TERTIARY,NO,1331,NO,NO,CELLULAR,30,APR,297,1,86,3,SUCCESS,YES
57,ADMIN.,DIVORCED,PRIMARY,NO,179,YES,NO,CELLULAR,15,MAY,67,1,368,2,FAILURE,NO
51,MANAGEMENT,MARRIED,TERTIARY,NO,5108,YES,NO,CELLULAR,8,OCT,272,1,102,8,OTHER,NO
43,MANAGEMENT,MARRIED,TERTIARY,NO,489,YES,NO,CELLULAR,8,MAY,130,1,172,2,OTHER,NO
34,SELF-EMPLOYED,MARRIED,TERTIARY,NO,263,NO,NO,CELLULAR,4,MAY,203,1,78,8,OTHER,NO
35,MANAGEMENT,DIVORCED,TERTIARY,NO,434,YES,NO,CELLULAR,11,MAY,277,1,271,2,SUCCESS,NO
37,HOUSEMAID,DIVORCED,SECONDARY,NO,1040,YES,NO,CELLULAR,13,MAY,199,1,173,2,FAILURE,NO
52,RETIRED,MARRIED,SECONDARY,NO,424,NO,NO,CELLULAR,19,NOV,143,1,154,3,FAILURE,NO
39,TECHNICIAN,MARRIED,SECONDARY,NO,116,NO,NO,CELLULAR,24,AUG,79,2,94,2,SUCCESS,NO
33,BLUE-COLLAR,SINGLE,SECONDARY,NO,3975,YES,YES,CELLULAR,17,APR,515,1,150,1,OTHER,NO
42,SERVICES,MARRIED,SECONDARY,NO,96,YES,NO,CELLULAR,5,MAY,238,3,340,2,FAILURE,NO
55,TECHNICIAN,DIVORCED,SECONDARY,NO,3450,NO,NO,CELLULAR,10,FEB,169,1,183,1,FAILURE,YES
46,MANAGEMENT,SINGLE,TERTIARY,NO,334,YES,NO,TELEPHONE,4,MAY,36,6,90,2,OTHER,NO
41,MANAGEMENT,DIVORCED,TERTIARY,NO,3355,NO,NO,CELLULAR,14,OCT,181,2,500,1,FAILURE,NO
30,TECHNICIAN,SINGLE,TERTIARY,NO,2325,NO,NO,CELLULAR,5,APR,270,3,241,4,OTHER,NO
31,BLUE-COLLAR,MARRIED,SECONDARY,NO,1664,YES,NO,CELLULAR,20,APR,158,1,182,1,SUCCESS,NO
31,MANAGEMENT,MARRIED,TERTIARY,NO,623,YES,NO,CELLULAR,13,MAY,96,2,349,5,FAILURE,NO
32,ADMIN.,MARRIED,SECONDARY,NO,3540,YES,NO,CELLULAR,18,MAY,213,1,178,1,FAILURE,NO
53,SERVICES,DIVORCED,SECONDARY,NO,765,YES,NO,CELLULAR,14,MAY,959,3,174,7,OTHER,YES
34,MANAGEMENT,SINGLE,TERTIARY,NO,8038,YES,NO,CELLULAR,20,APR,29,3,152,1,FAILURE,NO
36,SELF-EMPLOYED,MARRIED,SECONDARY,NO,189,YES,NO,CELLULAR,19,NOV,136,1,120,1,FAILURE,NO
29,HOUSEMAID,SINGLE,TERTIARY,NO,19,NO,NO,CELLULAR,5,FEB,110,2,64,2,SUCCESS,YES
39,ADMIN.,MARRIED,SECONDARY,NO,607,YES,NO,CELLULAR,12,MAY,454,2,364,3,FAILURE,YES
26,MANAGEMENT,SINGLE,TERTIARY,NO,1274,YES,NO,CELLULAR,1,JUN,190,1,84,1,FAILURE,NO
51,BLUE-COLLAR,MARRIED,PRIMARY,NO,377,YES,NO,TELEPHONE,3,FEB,143,4,272,1,FAILURE,NO
26,ADMIN.,SINGLE,SECONDARY,NO,802,NO,NO,CELLULAR,30,JAN,77,1,2,2,OTHER,NO
36,MANAGEMENT,DIVORCED,TERTIARY,NO,649,NO,NO,CELLULAR,16,JUL,237,2,91,1,FAILURE,NO
26,STUDENT,SINGLE,TERTIARY,NO,294,NO,NO,CELLULAR,5,MAR,87,1,91,2,SUCCESS,YES
57,ADMIN.,MARRIED,SECONDARY,NO,169,NO,NO,CELLULAR,14,AUG,180,1,106,2,FAILURE,NO
36,SELF-EMPLOYED,MARRIED,TERTIARY,NO,506,NO,NO,CELLULAR,25,AUG,47,1,120,1,FAILURE,NO
47,MANAGEMENT,SINGLE,TERTIARY,NO,4402,NO,NO,TELEPHONE,10,DEC,805,1,190,1,OTHER,YES
31,SERVICES,DIVORCED,PRIMARY,NO,459,YES,NO,CELLULAR,7,MAY,623,1,293,1,SUCCESS,YES
36,BLUE-COLLAR,MARRIED,PRIMARY,NO,1177,NO,NO,CELLULAR,15,APR,330,1,311,4,SUCCESS,YES
48,BLUE-COLLAR,MARRIED,SECONDARY,NO,1143,YES,NO,CELLULAR,17,APR,264,1,317,1,FAILURE,NO
51,RETIRED,DIVORCED,SECONDARY,NO,1679,NO,NO,CELLULAR,12,AUG,417,1,365,9,OTHER,YES
47,ADMIN.,MARRIED,SECONDARY,NO,3676,NO,NO,CELLULAR,18,OCT,567,1,95,3,SUCCESS,YES
45,SERVICES,SINGLE,SECONDARY,NO,1757,YES,NO,CELLULAR,20,APR,1010,3,326,1,OTHER,NO
50,TECHNICIAN,SINGLE,SECONDARY,NO,246,YES,NO,CELLULAR,17,NOV,270,1,123,2,FAILURE,NO
44,BLUE-COLLAR,MARRIED,PRIMARY,NO,887,YES,NO,CELLULAR,12,MAY,165,2,363,1,FAILURE,NO
50,SELF-EMPLOYED,MARRIED,SECONDARY,NO,2061,YES,YES,CELLULAR,29,JAN,197,2,244,3,FAILURE,NO
66,RETIRED,MARRIED,TERTIARY,NO,1948,NO,NO,CELLULAR,28,JAN,216,1,91,4,SUCCESS,YES
43,BLUE-COLLAR,SINGLE,SECONDARY,NO,24,NO,NO,CELLULAR,12,MAY,68,1,363,1,FAILURE,NO
43,BLUE-COLLAR,MARRIED,PRIMARY,NO,188,YES,NO,CELLULAR,12,MAY,58,3,347,5,FAILURE,NO
44,MANAGEMENT,MARRIED,TERTIARY,NO,724,YES,NO,CELLULAR,17,NOV,157,2,172,1,FAILURE,NO
53,ADMIN.,DIVORCED,SECONDARY,NO,26,YES,NO,CELLULAR,7,MAY,56,1,359,1,FAILURE,NO
55,BLUE-COLLAR,MARRIED,PRIMARY,NO,1086,YES,NO,CELLULAR,6,MAY,146,1,272,2,FAILURE,NO
38,HOUSEMAID,DIVORCED,SECONDARY,NO,70,NO,NO,CELLULAR,27,OCT,255,3,148,1,SUCCESS,YES
43,TECHNICIAN,MARRIED,SECONDARY,NO,0,YES,YES,CELLULAR,4,FEB,539,8,204,5,FAILURE,NO
38,BLUE-COLLAR,DIVORCED,SECONDARY,NO,0,YES,NO,CELLULAR,11,MAY,580,1,173,1,FAILURE,NO
40,TECHNICIAN,MARRIED,SECONDARY,NO,4441,YES,NO,CELLULAR,20,NOV,153,2,183,2,FAILURE,NO
30,TECHNICIAN,SINGLE,TERTIARY,NO,1185,YES,NO,CELLULAR,30,APR,284,1,339,1,FAILURE,NO
32,BLUE-COLLAR,MARRIED,SECONDARY,NO,2,YES,NO,CELLULAR,15,MAY,16,9,309,1,FAILURE,NO
40,SERVICES,MARRIED,SECONDARY,NO,9374,YES,NO,CELLULAR,21,NOV,7,8,185,1,FAILURE,NO
31,ADMIN.,DIVORCED,SECONDARY,NO,360,NO,NO,CELLULAR,15,MAY,332,1,297,2,OTHER,NO
28,TECHNICIAN,SINGLE,SECONDARY,NO,1532,NO,NO,CELLULAR,22,MAY,253,1,107,5,FAILURE,NO
29,MANAGEMENT,SINGLE,TERTIARY,NO,1673,NO,NO,CELLULAR,16,AUG,200,2,159,3,OTHER,NO
70,RETIRED,MARRIED,SECONDARY,NO,616,NO,NO,CELLULAR,27,APR,149,2,182,1,FAILURE,NO
36,SERVICES,MARRIED,SECONDARY,NO,3064,YES,NO,TELEPHONE,26,AUG,240,3,107,4,FAILURE,NO
31,SERVICES,SINGLE,SECONDARY,NO,481,YES,NO,CELLULAR,20,NOV,106,2,183,2,FAILURE,NO
28,ADMIN.,MARRIED,SECONDARY,NO,12,YES,NO,CELLULAR,30,JAN,73,3,256,3,OTHER,NO
53,BLUE-COLLAR,MARRIED,PRIMARY,NO,53,YES,NO,CELLULAR,7,APR,208,1,140,1,FAILURE,NO
40,BLUE-COLLAR,MARRIED,PRIMARY,NO,2805,YES,NO,CELLULAR,14,MAY,173,6,353,23,FAILURE,NO
51,MANAGEMENT,MARRIED,TERTIARY,NO,1612,NO,NO,CELLULAR,16,MAR,384,1,182,5,FAILURE,NO
69,RETIRED,SINGLE,TERTIARY,NO,2144,NO,NO,CELLULAR,29,JUL,417,1,184,4,SUCCESS,YES
26,ENTREPRENEUR,MARRIED,TERTIARY,NO,37,YES,YES,CELLULAR,6,MAY,207,1,363,2,FAILURE,NO
34,MANAGEMENT,MARRIED,TERTIARY,NO,436,YES,NO,CELLULAR,17,APR,28,1,345,1,FAILURE,NO
33,TECHNICIAN,SINGLE,SECONDARY,NO,647,YES,YES,CELLULAR,4,FEB,124,1,273,1,OTHER,NO
50,BLUE-COLLAR,MARRIED,PRIMARY,NO,2142,YES,NO,CELLULAR,29,JAN,309,2,224,1,OTHER,NO
33,SERVICES,SINGLE,SECONDARY,NO,358,YES,NO,CELLULAR,7,MAY,302,1,356,3,FAILURE,NO
32,MANAGEMENT,SINGLE,TERTIARY,NO,473,YES,NO,CELLULAR,11,MAY,72,2,361,1,OTHER,NO
37,MANAGEMENT,MARRIED,TERTIARY,NO,0,NO,NO,CELLULAR,11,MAR,129,4,107,2,FAILURE,NO
33,TECHNICIAN,MARRIED,TERTIARY,NO,8023,NO,NO,CELLULAR,25,FEB,196,1,87,4,FAILURE,NO
21,STUDENT,SINGLE,SECONDARY,NO,6844,NO,NO,CELLULAR,14,AUG,126,3,127,7,OTHER,NO
53,UNEMPLOYED,MARRIED,SECONDARY,NO,94,NO,NO,CELLULAR,10,AUG,493,1,181,14,SUCCESS,YES
57,RETIRED,MARRIED,SECONDARY,NO,1044,NO,NO,TELEPHONE,11,JAN,585,1,192,2,SUCCESS,YES
35,SERVICES,DIVORCED,SECONDARY,NO,221,YES,NO,CELLULAR,14,MAY,150,1,360,1,FAILURE,NO
52,TECHNICIAN,MARRIED,TERTIARY,NO,0,NO,NO,CELLULAR,9,AUG,145,3,94,4,SUCCESS,NO
31,MANAGEMENT,SINGLE,TERTIARY,NO,1130,YES,NO,CELLULAR,17,APR,224,3,74,4,FAILURE,NO
48,BLUE-COLLAR,MARRIED,SECONDARY,NO,480,YES,NO,CELLULAR,15,MAY,830,1,352,2,FAILURE,YES
37,BLUE-COLLAR,DIVORCED,SECONDARY,NO,33,YES,NO,CELLULAR,20,NOV,106,2,167,1,FAILURE,NO
40,STUDENT,MARRIED,SECONDARY,NO,260,NO,NO,CELLULAR,19,NOV,52,1,152,6,FAILURE,NO
57,TECHNICIAN,MARRIED,SECONDARY,NO,589,YES,NO,CELLULAR,2,FEB,223,1,76,4,FAILURE,NO
37,UNEMPLOYED,MARRIED,SECONDARY,NO,1978,NO,NO,CELLULAR,9,SEP,404,1,182,1,SUCCESS,YES
53,ADMIN.,MARRIED,SECONDARY,NO,459,NO,NO,CELLULAR,14,OCT,317,6,192,1,SUCCESS,NO
62,SELF-EMPLOYED,DIVORCED,TERTIARY,NO,6,YES,NO,CELLULAR,13,OCT,216,1,183,4,SUCCESS,YES
33,MANAGEMENT,SINGLE,TERTIARY,NO,201,YES,NO,CELLULAR,19,NOV,171,1,183,1,FAILURE,NO
58,RETIRED,MARRIED,SECONDARY,NO,3382,NO,YES,CELLULAR,28,MAY,294,2,309,2,FAILURE,NO
59,TECHNICIAN,MARRIED,SECONDARY,NO,2308,NO,NO,CELLULAR,30,APR,815,1,87,1,OTHER,YES
50,TECHNICIAN,MARRIED,TERTIARY,NO,199,YES,YES,CELLULAR,3,FEB,116,2,253,1,FAILURE,NO
35,ADMIN.,MARRIED,SECONDARY,NO,147,YES,YES,CELLULAR,29,JAN,41,1,184,7,FAILURE,NO
52,MANAGEMENT,MARRIED,SECONDARY,NO,335,NO,NO,CELLULAR,21,OCT,411,1,182,1,FAILURE,YES
54,SELF-EMPLOYED,MARRIED,SECONDARY,NO,641,YES,NO,CELLULAR,17,APR,472,1,148,2,FAILURE,NO
40,SERVICES,MARRIED,TERTIARY,NO,35,NO,NO,CELLULAR,3,JUL,318,4,317,3,FAILURE,NO
40,SERVICES,SINGLE,SECONDARY,NO,1547,YES,NO,CELLULAR,12,MAY,88,2,173,1,SUCCESS,NO
30,SERVICES,SINGLE,SECONDARY,NO,20,YES,NO,CELLULAR,20,APR,404,6,340,1,FAILURE,NO
31,TECHNICIAN,SINGLE,SECONDARY,NO,1626,NO,NO,CELLULAR,7,MAY,356,2,286,3,FAILURE,NO
70,RETIRED,DIVORCED,SECONDARY,NO,6850,NO,NO,TELEPHONE,5,MAR,252,3,183,1,FAILURE,NO
83,RETIRED,DIVORCED,PRIMARY,NO,0,NO,NO,TELEPHONE,31,MAY,664,1,77,3,SUCCESS,NO
50,MANAGEMENT,DIVORCED,TERTIARY,NO,100,YES,YES,CELLULAR,13,MAY,157,1,299,3,FAILURE,NO
27,STUDENT,SINGLE,SECONDARY,NO,8366,NO,NO,CELLULAR,7,MAY,458,2,349,1,OTHER,NO
47,BLUE-COLLAR,MARRIED,SECONDARY,NO,2548,YES,NO,CELLULAR,11,MAY,577,1,368,1,OTHER,NO
51,BLUE-COLLAR,MARRIED,PRIMARY,NO,40,YES,NO,CELLULAR,13,MAY,79,1,370,1,FAILURE,NO
32,ADMIN.,MARRIED,SECONDARY,NO,0,YES,YES,CELLULAR,17,NOV,159,2,195,2,FAILURE,NO
40,TECHNICIAN,MARRIED,SECONDARY,NO,697,NO,NO,CELLULAR,24,JUN,220,2,219,2,OTHER,NO
38,BLUE-COLLAR,SINGLE,SECONDARY,NO,13156,YES,NO,CELLULAR,17,APR,291,4,331,1,FAILURE,NO
54,SERVICES,DIVORCED,SECONDARY,NO,1012,YES,NO,CELLULAR,12,MAY,33,3,175,2,OTHER,NO
30,TECHNICIAN,SINGLE,SECONDARY,NO,4787,YES,NO,CELLULAR,18,NOV,266,1,167,2,FAILURE,NO
31,BLUE-COLLAR,MARRIED,SECONDARY,NO,3653,YES,YES,CELLULAR,21,NOV,252,1,168,4,FAILURE,NO
41,RETIRED,SINGLE,PRIMARY,NO,0,NO,NO,CELLULAR,8,MAY,239,1,368,2,FAILURE,NO
35,BLUE-COLLAR,MARRIED,SECONDARY,NO,305,YES,NO,CELLULAR,18,MAY,7,7,367,25,FAILURE,NO
65,RETIRED,MARRIED,PRIMARY,NO,493,NO,NO,CELLULAR,16,OCT,622,1,182,1,FAILURE,NO
45,TECHNICIAN,MARRIED,SECONDARY,NO,999,YES,NO,CELLULAR,20,NOV,215,6,188,2,FAILURE,NO
45,MANAGEMENT,SINGLE,TERTIARY,NO,2048,YES,NO,CELLULAR,18,OCT,310,1,804,1,FAILURE,YES
35,TECHNICIAN,SINGLE,SECONDARY,NO,175,YES,NO,CELLULAR,29,JAN,219,1,246,1,FAILURE,NO
31,TECHNICIAN,SINGLE,SECONDARY,NO,4888,YES,NO,TELEPHONE,5,MAY,475,4,166,2,FAILURE,NO
49,BLUE-COLLAR,SINGLE,PRIMARY,NO,2146,YES,NO,CELLULAR,7,MAY,1516,2,353,2,OTHER,YES
35,BLUE-COLLAR,MARRIED,SECONDARY,NO,5304,YES,NO,CELLULAR,20,NOV,340,1,183,2,FAILURE,NO
37,MANAGEMENT,MARRIED,PRIMARY,NO,3953,YES,NO,CELLULAR,6,APR,610,2,138,1,FAILURE,NO
29,MANAGEMENT,SINGLE,TERTIARY,NO,572,NO,NO,CELLULAR,16,DEC,314,1,195,1,SUCCESS,YES
31,ADMIN.,SINGLE,SECONDARY,NO,223,YES,NO,CELLULAR,17,APR,508,1,315,11,SUCCESS,NO
33,TECHNICIAN,SINGLE,SECONDARY,NO,920,YES,NO,CELLULAR,21,NOV,58,1,122,4,FAILURE,NO
38,MANAGEMENT,SINGLE,TERTIARY,NO,623,NO,NO,CELLULAR,28,JUN,297,4,144,4,OTHER,YES
33,TECHNICIAN,MARRIED,SECONDARY,NO,4790,YES,NO,CELLULAR,20,APR,137,1,272,2,FAILURE,NO
53,BLUE-COLLAR,MARRIED,PRIMARY,NO,238,YES,NO,CELLULAR,11,MAY,238,2,361,5,FAILURE,NO
31,UNEMPLOYED,SINGLE,SECONDARY,NO,315,NO,NO,CELLULAR,30,JAN,130,1,2,1,OTHER,NO
45,MANAGEMENT,MARRIED,TERTIARY,NO,6945,NO,NO,CELLULAR,5,AUG,131,5,356,3,FAILURE,NO
32,TECHNICIAN,SINGLE,SECONDARY,NO,309,YES,YES,CELLULAR,16,APR,346,1,234,3,FAILURE,NO
42,BLUE-COLLAR,SINGLE,SECONDARY,NO,1080,YES,YES,CELLULAR,13,MAY,951,3,370,4,FAILURE,YES
38,BLUE-COLLAR,MARRIED,SECONDARY,NO,1205,YES,NO,CELLULAR,20,APR,45,4,153,1,FAILURE,NO
28,BLUE-COLLAR,MARRIED,SECONDARY,NO,1137,NO,NO,CELLULAR,6,FEB,129,4,211,3,OTHER,NO
44,ENTREPRENEUR,SINGLE,TERTIARY,NO,1136,YES,YES,CELLULAR,3,APR,345,2,249,7,OTHER,NO
